Company,weighted_score,l_score,w_score
COCA-COLA ITALIA SRL,7.24,10.0,0.79
DECATHLON PRODUZIONE ITALIA S.R.L.,6.4,7.67,3.44
SEPHORA ITALIA S.R.L.,4.82,6.66,0.53
RHENUS LOGISTICS S.P.A.,4.46,4.73,3.84
MEDIAMARKET SPA,4.02,5.07,1.58
ARROW ELECTRONICS ITALIA S.R.L.,3.98,5.59,0.22
METRO ITALIA S.P.A.,3.96,5.43,0.53
DHL EXPRESS (ITALY) S.R.L.,3.87,5.4,0.3
3M ITALIA S.R.L.,3.51,5.01,0.0
MONDELEZ ITALIA S.R.L.,3.42,4.49,0.93
SNAITECH S.P.A.,3.04,2.73,3.77
WIND TRE S.P.A.,3.04,4.3,0.08
IN SPORT S.R.L. SOCIETA' SPORTIVA DILETTANTISTICA IN BREVE DENO MINATA IN SPORT S.R.L. S.S.D.,3.0,0.0,10.0
GRUPPO SAPIO (1),2.82,3.53,1.17
SISAL ENTERTAINMENT S.P.A.,2.81,3.68,0.79
DSV S.P.A.,2.68,3.38,1.04
WOLTERS KLUWER ITALIA S.R.L.,2.65,3.26,1.23
E.ON ENERGIA S.P.A.,2.63,3.48,0.65
ENI PLENITUDE S.P.A. SOCIETA' BENEFIT,2.51,2.73,1.99
TAMOIL ITALIA S.P.A.,2.5,3.57,0.0
MET ENERGIA ITALIA S.P.A.,2.47,3.09,1.03
S.A.P. ITALIA SISTEMI APPLICAZIONI PRODOTTI IN DATA PROCESSING S.P.A.,2.4,3.06,0.85
ZANOTTA S.P.A.,2.39,3.37,0.1
IKEA ITALIA RETAIL S.R.L.,2.39,3.09,0.75
SHELL ENERGY ITALIA S.R.L.,2.23,2.03,2.7
HENKEL ITALIA S.R.L.,2.19,2.97,0.39
EI TOWERS S.P.A.,2.19,2.79,0.77
JUNGHEINRICH ITALIANA SRL,2.16,2.31,1.82
ADIDAS ITALY S.P.A.,2.13,2.34,1.65
ADAMANT BIONRG S.R.L.,2.11,2.34,1.59
ENGIE ITALIA SPA,2.11,2.63,0.9
REPOWER ITALIA S.P.A.,2.11,2.29,1.69
EDISON S.P.A.,2.11,2.65,0.84
PIAZZA ITALIA S.P.A.,2.1,2.65,0.81
SAGAM S.P.A.,2.07,0.0,6.89
ITALMATCH CHEMICALS S.P.A.,2.06,2.57,0.86
"EY S.P.A., PER ESTESO ANCHE ERNST & YOUNG S.P.A.",2.04,2.42,1.17
INSTRUMENTATION LABORATORY S.P.A.,2.04,2.82,0.23
TOTALENERGIES MARKETING ITALIA S.P.A.,2.04,2.34,1.33
EMERSON PROCESS MANAGEMENT S.R.L.,1.99,2.42,0.99
BRACCO IMAGING S.P.A.,1.87,1.99,1.58
BORGWARNER MORSE SYSTEMS ITALY S.R.L.,1.85,2.35,0.69
GILEAD SCIENCES S.R.L.,1.84,2.27,0.84
WEBUILD S.P.A.,1.82,2.3,0.71
FOMAS HOP S.P.A.,1.8,2.47,0.24
SCHENKER ITALIANA SPA,1.77,1.58,2.21
ABB S.P.A.,1.73,1.83,1.49
CISCO SYSTEMS (ITALY) S.R.L.,1.7,2.09,0.81
F.LLI MONTORFANO S.R.L.,1.7,0.0,5.68
ITT ITALIA S.R.L.,1.7,2.23,0.46
"INFRASTRUTTURE WIRELESS ITALIANE S.P.A. O, IN FORMA ABBREVIATA, INWIT S.P.A.",1.7,2.1,0.77
PIRELLI TYRE SPA,1.7,1.79,1.48
ZAMBON S.P.A.,1.69,2.02,0.92
DECATHLON ITALIA S.R.L.,1.69,0.0,5.62
AIR LIQUIDE ITALIA PRODUZIONE SRL,1.68,1.64,1.76
"SNAM RETE GAS S.P.A. O, IN FORMA ABBREVIATA SNAM RG S.P.A.",1.64,1.76,1.36
A2A ENERGIEFUTURE S.P.A.,1.64,1.8,1.24
SORGENIA PUGLIA S.P.A.,1.63,1.87,1.06
VITERRA ITALY S.R.L.,1.62,2.15,0.38
SYNLAB ITALIA S.R.L.,1.53,2.05,0.31
STOCCAGGI GAS ITALIA SPA O IN FORMA ABBREVIATA STOGIT SPA,1.5,1.48,1.52
ASTRAZENECA S.P.A.,1.47,1.87,0.54
VERSALIS S.P.A.,1.44,1.66,0.92
BAYER S.P.A.,1.42,1.76,0.63
RHENUS AIR & OCEAN SRL,1.39,0.0,4.64
ALPIQ ENERGIA ITALIA S.P.A.,1.38,1.42,1.31
KIA ITALIA S.R.L.,1.36,1.24,1.63
ARIENTI AUTOGRU' S.R.L.,1.34,0.0,4.46
DATAMATIC S.P.A.,1.34,1.9,0.02
ALDIERI AUTOTRASPORTI S.P.A.,1.33,0.0,4.44
FALCK NEXT ENERGY S.R.L.,1.33,1.31,1.36
KUEHNE + NAGEL S.R.L.,1.29,1.03,1.89
FAI SERVICE SOCIETA' COOPERATIVA,1.27,0.0,4.25
RANDSTAD ITALIA S.P.A.,1.27,1.48,0.78
FIBERCOP S.P.A.,1.25,0.8,2.3
CANALI HOLDING SOCIETA' PER AZIONI,1.25,1.2,1.35
TATUUS RACING S.P.A.,1.23,0.0,4.09
2I RETE GAS S.P.A.,1.22,1.34,0.96
ACCIAIERIA ARVEDI S.P.A.,1.21,1.0,1.71
FRATELLI GIACOMEL S.P.A.,1.19,1.27,0.99
INTERCOS S.P.A.,1.19,1.47,0.52
PREGIS S.P.A.,1.17,1.15,1.21
VENTANA SERRA S.P.A.,1.14,0.83,1.88
A.P.S. AROSIO S.P.A.,1.14,1.6,0.06
TAGLIABUE GOMME GROSS S.R.L.,1.14,1.63,0.0
AXSE SRL,1.14,0.0,3.81
RAIL CARGO CARRIER - ITALY S.R.L.,1.13,0.0,3.77
RAIL CARGO LOGISTICS - ITALY S.R.L.,1.13,0.0,3.76
SENNDER ITALIA S.R.L.,1.13,0.0,3.75
DOUGLAS ITALIA S.P.A.,1.11,0.87,1.69
MARELLI SUSPENSION SYSTEMS ITALY S.P.A.,1.11,1.0,1.36
CARGILL S.R.L.,1.11,1.04,1.26
TELECOM ITALIA SPA O TIM S.P.A.,1.1,1.39,0.43
SAINT-GOBAIN ITALIA S.P.A.,1.09,0.44,2.61
NESTLE' ITALIANA S.P.A. IN FORMA ABBREVIATA NE.IT. S.P.A.,1.07,0.84,1.6
STILSCREEN - S.R.L.,1.06,0.0,3.55
BRUGOLA COMMERCIALE SPA,1.06,0.95,1.32
BMW ITALIA SPA,1.06,1.3,0.5
NAMEDSPORT S.R.L.,1.05,0.0,3.49
HEWLETT-PACKARD ITALIANA S.R.L.,1.04,1.43,0.14
AMSA AZIENDA MILANESE SERVIZI AMBIENTALI SPA IN FORMA ABBREVIATA AMSA SPA,1.04,1.19,0.68
GREENCHEMICALS S.R.L.,1.01,0.0,3.37
CANON ITALIA S.P.A.,1.0,1.26,0.4
FACEBOOK ITALY S.R.L.,0.99,1.2,0.5
FINCONS S.P.A.,0.98,0.99,0.97
TECNIMONT S.P.A.,0.98,0.98,0.99
KONE S.P.A.,0.97,0.68,1.65
SETOA ITALIA S.P.A.,0.97,0.0,3.24
MICROSOFT S.R.L.,0.97,1.03,0.82
SORGENIA S.P.A.,0.95,0.82,1.28
SABIC ITALIA S.R.L.,0.94,0.88,1.06
SIEMENS S.P.A.,0.91,0.75,1.3
ACCENTURE S.P.A.,0.91,1.0,0.7
SAIF S.P.A.,0.9,0.0,2.99
SKY ITALIA - S.R.L.,0.89,0.0,2.96
INGRAM MICRO S.R.L.,0.89,1.23,0.09
QVC ITALIA S.R.L.,0.88,0.0,2.93
ALFA LAVAL ITALY S.R.L.,0.88,1.1,0.37
BETA UTENSILI S.P.A.,0.88,0.78,1.11
CONSORZIO DESIO-BRIANZA,0.88,0.0,2.92
COOPERATIVA SOCIALE AERIS A R.L.,0.87,0.0,2.9
SOCIOSFERA ONLUS SOCIETA' COOPERATIVA SOCIALE,0.87,0.0,2.9
EDENRED ITALIA S.R.L.,0.86,0.68,1.29
CEVA LOGISTICS ITALIA S.R.L.,0.86,0.0,2.88
BOEHRINGER INGELHEIM ITALIA - S.P.A.,0.86,0.4,1.92
L'OREAL ITALIA S.P.A.,0.85,0.74,1.12
FASTWEB SPA,0.84,0.96,0.54
IPERAL SUPERMERCATI S.P.A.,0.82,1.08,0.22
J.B. CARS S.R.L.,0.82,0.9,0.65
PROJECT AUTOMATION S.P.A.,0.81,0.0,2.7
TERMINALE GNL ADRIATICO SOCIETA' A RESPONSABILITA' LIMITATA IN FORMA ABBREVIATA TERMINALE GNL ADRIATICO S.R.L.,0.81,0.0,2.69
AZIENDA TRASPORTI MILANESI S.P.A. IN FORMA ABBREVIATA A.T.M. S .P.A.,0.81,0.0,2.69
SPREAFICO FRANCESCO E F.LLI S.P.A.,0.8,0.88,0.62
GENCOS110 S.P.A.,0.8,0.0,2.67
OFFERTA SOCIALE AZIENDA SPECIALE CONSORTILE,0.79,0.0,2.65
DUSSMANN SERVICE S.R.L.,0.79,0.45,1.56
NLINE SHIPPING SRL,0.78,0.0,2.62
HYDRO EXTRUSION ITALY S.R.L.,0.78,0.72,0.92
CFG OVERSEAS SRL,0.77,0.0,2.55
PHARDIS S.R.L.,0.76,0.0,2.54
BIOGEN ITALIA S.R.L.,0.76,0.78,0.71
SIEMENS ENERGY S.R.L.,0.75,0.0,2.5
LGD SOCIETA' COOPERATIVA,0.75,0.0,2.5
GEODIS FF ITALIA S.P.A.,0.74,0.0,2.48
MAISONS DU MONDE ITALIE S.R.L.,0.74,0.0,2.48
F.S.A. S.R.L.,0.73,0.0,2.43
OPEN FIBER S.P.A.,0.73,0.82,0.52
ROYAL GREENLAND ITALIA SOCIETA' PER AZIONI,0.72,0.0,2.41
MULTILOGISTICS S.P.A.,0.72,0.0,2.39
EPIPOLI SPA,0.71,0.79,0.54
MALBERTI HOLDING S.P.A.,0.71,0.0,2.36
LOMBARDA MOTORI S.P.A.,0.71,0.0,2.36
DNV BUSINESS ASSURANCE ITALY S.R.L.,0.7,0.0,2.34
Company not found,0.69,0.99,0.0
SALMOIRAGHI S.P.A.,0.68,0.0,2.27
B. & V. HOLDING S.P.A.,0.66,0.0,2.21
MONDADORI LIBRI S.P.A.,0.66,0.0,2.21
IBM ITALIA S.P.A.,0.66,0.72,0.52
LG ELECTRONICS ITALIA S.P.A.,0.65,0.76,0.4
RAVAGRICOLA S.P.A.,0.65,0.0,2.15
SAPIO PRODUZIONE IDROGENO OSSIGENO SRL,0.65,0.48,1.03
G. CARRAI & C. S.R.L.,0.64,0.0,2.13
MERCITALIA INTERMODAL S.P.A.,0.64,0.0,2.12
HP23 S.R.L.,0.62,0.0,2.06
STOCK HOUSE ITALIA LOGISTIC - SRL,0.61,0.0,2.04
RENEWABLE DISPATCHING S.R.L.,0.61,0.0,2.03
AMPLIFON ITALIA S.P.A.,0.61,0.64,0.53
ENEGREEN S.P.A.,0.6,0.0,1.99
CO.GE.FIN. S.P.A.,0.59,0.0,1.97
KASANOVA S.P.A.,0.58,0.7,0.32
ROVAGNATI SPA,0.58,0.6,0.54
IRIDEOS S.P.A.,0.58,0.0,1.94
CHEMOURS ITALY S.R.L.,0.58,0.0,1.94
CLEAF SPA,0.58,0.74,0.22
FRESH WAYS S.R.L.,0.57,0.0,1.89
COTY ITALIA S.R.L.,0.57,0.0,1.89
I.M.P. INDUSTRIA METALLI PRESSOFUSI SRL,0.57,0.0,1.89
VIO & C. S.R.L.,0.56,0.0,1.88
MARELLI EUROPE S.P.A.,0.56,0.0,1.87
SIRAM S.P.A.,0.55,0.0,1.84
MM S.P.A.,0.55,0.0,1.84
SNAM S.P.A.,0.55,0.0,1.84
NAMED S.R.L. **,0.55,0.0,1.83
DNV MARITIME ITALY S.R.L.,0.54,0.0,1.82
"PRIME GREEN SOLUTIONS BENEFIT S.P.A. O IN FORMA ABBREVIATA ""PRIME GREEN SOLUTIONS S.P.A. SB""",0.54,0.0,1.82
"""PERNOD RICARD ITALIA S.P.A."" O, PIU' BREVEMENTE, ""PRI S.P.A."" NONCHE' ""PR ITALIA S.P.A.""",0.54,0.0,1.81
BIANALISI S.P.A. *,0.54,0.63,0.34
COLUMBUS SRL,0.54,0.0,1.79
MANIFATTURA MARIO COLOMBO & C. S.P.A.,0.54,0.0,1.79
GRUPPO COLZANI S.R.L.,0.54,0.0,1.78
MONDADORI RETAIL S.P.A.,0.54,0.0,1.78
EVOLVE S.P.A.,0.53,0.0,1.77
ENI REWIND S.P.A.,0.53,0.48,0.65
GXO LOGISTICS ITALY S.P.A.,0.53,0.0,1.75
IM BIOFUEL ITALY S.R.L.,0.53,0.0,1.75
A.C. MONZA S.P.A.,0.52,0.0,1.74
EARTH ENERGY S.R.L.,0.52,0.0,1.74
J.A.S. JET AIR SERVICE SPA,0.51,0.0,1.7
DS SMITH HOLDING ITALIA S.P.A.,0.51,0.0,1.69
MOSCA MOTORI S.R.L.,0.51,0.0,1.69
ENISERVIZI S.P.A.,0.5,0.0,1.68
"""ITALCEMENTI"" FABBRICHE RIUNITE CEMENTO - SOCIETA' PER AZIONI - BERGAMO IN FORMA ABBREVIATA ITALCEMENTI S.P.A.",0.5,0.0,1.68
GETOIL S.R.L.,0.5,0.0,1.66
EASTMAN ITALIA S.R.L.,0.5,0.0,1.66
EVOLVERE S.P.A. SOCIETA' BENEFIT,0.5,0.0,1.65
LA NETTATUTTO S.R.L.,0.5,0.0,1.65
ENIPOWER SPA,0.49,0.0,1.64
OPELLA HEALTHCARE ITALY SRL O OPELLA HEALTHCARE ITALY SRL SOCIETA' BENEFIT,0.49,0.0,1.63
VAILOG S.R.L.,0.49,0.0,1.63
ENIPOWER MANTOVA S.P.A.,0.49,0.0,1.63
ARCO SPEDIZIONI S.P.A.,0.49,0.0,1.63
ALVECO S.R.L.,0.49,0.0,1.62
"""ANHEUSER - BUSCH INBEV ITALIA SPA"" OVVERO IN FORMA ABBREVIATA ""AB INBEV ITALIA SPA""",0.48,0.0,1.61
CONTINENTAL ITALIA S.P.A. PNEUMATICI PRODOTTI DI GOMMA E PLASTICI,0.48,0.0,1.6
VEOS S.P.A. **,0.48,0.0,1.59
LA MERIDIANA SOCIETA' COOPERATIVA SOCIALE,0.47,0.0,1.58
TROCELLEN ITALIA S.P.A.,0.47,0.0,1.57
"CONSORZIO COMUNITA' BRIANZA SOCIETA' COOPERATIVA SOCIALE - IMPRES A
SOCIALE",0.47,0.0,1.56
"PRENATAL RETAIL GROUP S.P.A. OVVERO, IN ABBREVIATO, PNT RETAIL GR OUP S.P.A. O PRG S.P.A.",0.46,0.0,1.54
DANONE NUTRICIA SPA SOCIETA' BENEFIT IN FORMA ABBREVIATA D.N. SPA O DANONE N. SPA S. BENEFIT,0.46,0.0,1.54
BRANDART S.P.A.,0.46,0.0,1.52
"PARMALAT S.P.A. IN FORMA ABBREVIATA ""PLT S.P.A.""",0.46,0.0,1.52
EXENTIAL CONSULTING S.R.L.,0.46,0.0,1.52
ASC SOCIETA' A RESPONSABILITA' LIMITATA IN BREVE ASC S.R.L.,0.46,0.0,1.52
RECKITT BENCKISER COMMERCIAL (ITALIA) S.R.L.,0.45,0.33,0.74
RIVA LOGISTIC & SERVICE S.R.L.,0.45,0.0,1.51
TRANS TUNISIAN PIPELINE COMPANY S.P.A.,0.45,0.0,1.51
BIREL ART S.R.L.,0.45,0.0,1.51
PARTECIPAZIONI SOCIETA' ALIMENTARI S.R.L. O PIU' BREVEMENTE PARTESA S.R.L.,0.45,0.29,0.82
CAP HOLDING S.P.A.,0.45,0.0,1.5
COCA-COLA HBC ITALIA S.R.L.,0.45,0.28,0.84
ABBOTT MEDICAL ITALIA S.R.L.,0.45,0.0,1.49
HP ITALY S.R.L.,0.45,0.52,0.27
SANOFI S.R.L.,0.44,0.0,1.48
ADVIPLAST S.P.A.,0.44,0.0,1.47
A2A ENERGIA S.P.A.,0.44,0.0,1.46
ARKEMA S.R.L.,0.43,0.0,1.45
PAGG ASPOCK S.R.L.,0.43,0.0,1.45
ROLEX ITALIA S.P.A. IN BREVE ROL.IT. S.P.A.,0.43,0.0,1.44
BUTAN GAS SPA,0.43,0.17,1.03
POMELLATO S.P.A.,0.43,0.0,1.43
CP COLOMBO SRL,0.42,0.0,1.42
STUCCHI SERVIZI ECOLOGICI SRL,0.42,0.0,1.41
ISTITUTI CLINICI ZUCCHI S.P.A.,0.42,0.0,1.41
"EGIDIO GALBANI SOCIETA' A RESPONSABILITA' LIMITATA IN BREVE ""EGIDIO GALBANI S.R.L."" O ""E.GA. S.R.L.""",0.42,0.0,1.39
DP DENT S.R.L.,0.42,0.0,1.38
BOXLINE UNITED CARGO LINK S.R.L.,0.41,0.0,1.37
GEZE ITALIA S.R.L.,0.41,0.0,1.37
"NESTLE' PURINA COMMERCIALE S.R.L. IN FORMA ABBREVIATA ""PUR.IT S.R.L.""",0.41,0.0,1.37
VAMP TECHNOLOGIES S.P.A.,0.41,0.0,1.36
GAS SALES S.R.L.,0.41,0.0,1.36
SMURFIT KAPPA ITALIA S.P.A.,0.41,0.17,0.95
SPIRAX - SARCO S.R.L. *,0.41,0.0,1.35
AB.M MILANO S.R.L.,0.41,0.0,1.35
FRIGERIO VIAGGI SRL,0.4,0.0,1.34
INNOMOTICS SRL,0.4,0.24,0.77
JT INTERNATIONAL ITALIA S.R.L.,0.4,0.0,1.32
WEBHELP ENTERPRISE SALES SOLUTIONS ITALY S.R.L.,0.4,0.0,1.32
ATLANTIC INTEGRATED FREIGHT S.R.L.,0.39,0.0,1.31
BOLLORE' LOGISTICS ITALY S.P.A.,0.39,0.0,1.31
NOKIA SOLUTIONS AND NETWORKS ITALIA S.P.A. IN FORMA ABBREVIATA NSN ITALIA S.P.A.,0.39,0.0,1.31
AIR LIQUIDE ITALIA SERVICE S.R.L.,0.39,0.0,1.31
SASOL ITALY S.P.A.,0.39,0.0,1.3
SIBELCO ITALIA - SOCIETA' PER AZIONI,0.39,0.0,1.3
JOHN DEERE ITALIANA S.R.L.,0.39,0.0,1.3
EDISON NEXT GOVERNMENT S.R.L.,0.39,0.0,1.29
SORGENIA POWER S.P.A.,0.39,0.0,1.29
ERICA SRL,0.38,0.0,1.28
THE BOSTON CONSULTING GROUP S.R.L.,0.38,0.0,1.26
GOLDEN GOOSE S.P.A.,0.38,0.0,1.26
H & M HENNES & MAURITZ S.R.L.,0.38,0.0,1.26
ALPHA TRADING S.P.A.,0.38,0.0,1.26
BUSINESS INTEGRATION PARTNERS S.P.A.,0.38,0.0,1.26
GI GROUP S.P.A.,0.38,0.0,1.25
YAMAHA MOTOR RACING S.R.L.,0.38,0.0,1.25
YOU LOG S.P.A.,0.38,0.0,1.25
MONT-ELE SRL,0.38,0.0,1.25
MA.SI GROUP S.R.L.,0.37,0.0,1.24
MULTIMEDICA S.P.A.,0.37,0.0,1.24
EDIM S.P.A.,0.37,0.0,1.24
MASCHERONI S.R.L.,0.37,0.0,1.24
SUN CHEMICAL GROUP S.P.A.,0.37,0.0,1.23
ASC S.R.L.,0.37,0.0,1.23
GELSIA S.R.L.,0.37,0.0,1.22
MARTEC MARINE S.P.A.,0.37,0.0,1.22
MILANO SERRAVALLE - MILANO TANGENZIALI S.P.A.,0.37,0.0,1.22
DELL'ORTO S.P.A.,0.37,0.0,1.22
KSB ITALIA S.P.A.,0.37,0.0,1.22
SOCIETA' PER AZIONI ESERCIZI AEROPORTUALI S.E.A.,0.37,0.0,1.22
TAO AMBIENTE S.R.L.,0.37,0.0,1.22
MARIANI AUTO SRL,0.36,0.0,1.21
C.O.I.M. S.P.A. - CHIMICA ORGANICA INDUSTRIALE MILANESE,0.36,0.0,1.21
CEREDA AMBROGIO S.R.L.,0.36,0.0,1.21
WOOD ITALIANA S.R.L.,0.36,0.0,1.2
ARGOS S.P.A.,0.36,0.0,1.2
YAMAHA MOTOR R&D EUROPE S.R.L.,0.36,0.0,1.19
SEAWAY S.R.L.,0.36,0.0,1.19
SOCIETA' ITALIANA ACCIAI TUBI SIAT SOCIETA' PER AZIONI CON SIGLA SIAT SPA,0.35,0.0,1.18
GELSIA AMBIENTE S.R.L.,0.35,0.0,1.18
CONSORZIO X-RESPONSE,0.35,0.0,1.18
SAIPEM S.P.A.,0.35,0.0,1.17
SEA S.P.A.,0.35,0.0,1.17
"ALIMENTARIA VALDINIEVOLE S.P.A. PIU' BREVEMENTE INDICATA COME: ""ALIVAL S.P.A.""",0.35,0.0,1.17
VOLVO GROUP ITALIA S.P.A.,0.35,0.0,1.17
EPTA S.P.A.,0.35,0.0,1.16
CALCESTRUZZI S.P.A.,0.35,0.0,1.16
BENCINI CESARE S.R.L.,0.35,0.0,1.16
ENI ANGOLA S.P.A.,0.34,0.0,1.15
DELICATESSE SPA,0.34,0.0,1.15
FIERA MILANO S.P.A.,0.34,0.0,1.15
FSI S.R.L.,0.34,0.0,1.15
TESI S.P.A.,0.34,0.0,1.15
OPTIMUM MEDIA DIRECTION S.R.L. IN BREVE OMD S.R.L.,0.34,0.0,1.14
EUSIDER S.P.A.,0.34,0.0,1.14
TOTALENERGIES EP ITALIA S.P.A.,0.34,0.0,1.14
G.A.I.A. HOLDING S.R.L.,0.34,0.0,1.14
EUROFLORA SRL,0.34,0.0,1.14
CSEL CONSORZIO - SOCIETA' COOPERATIVA SOCIALE,0.34,0.0,1.14
A2A GENCOGAS S.P.A.,0.34,0.0,1.12
AUTOLOCATELLI S.R.L.,0.34,0.0,1.12
"""REPOWER VENDITA ITALIA S.P.A."" - IN FORMA ABBREVIATA ""REPOWER S.P.A.""",0.34,0.0,1.12
MULTIVENDOR SERVICE S.R.L. (1),0.33,0.0,1.11
RAUCH ITALIA SRL,0.33,0.0,1.1
COLUSSI S.P.A.,0.33,0.0,1.1
SALCHI METALCOAT S.R.L.,0.33,0.0,1.09
GALFIN S.R.L.,0.33,0.0,1.09
WANHUA BORSODCHEM ITALIA SRL,0.33,0.0,1.09
BRIANZA PLASTICA SPA,0.33,0.0,1.09
LEROY MERLIN ITALIA S.R.L.,0.33,0.47,0.0
DHL GLOBAL FORWARDING (ITALY) S.P.A.,0.32,0.0,1.08
OPENJOBMETIS SPA AGENZIA PER IL LAVORO,0.32,0.0,1.08
DELL ORTO GIAN PAOLO S.P.A.,0.32,0.0,1.07
MAURI BUS SYSTEM SRL,0.32,0.0,1.07
"CONNECT CHEMICALS ITALIA SRL O, IN BREVE CCI SRL",0.32,0.0,1.07
OREC NETWORK SOCIETA' CONSORTILE A R.L.,0.32,0.0,1.07
A2A AIRPORT ENERGY S.P.A.,0.32,0.0,1.07
RETITALIA S.P.A.,0.32,0.17,0.66
"GLAXOSMITHKLINE CONSUMER HEALTHCARE S.R.L. IN BREVE ""GLAXOSMITHKLINE CH S.R.L."", ""GSK CONSUMER HEALTHCARE S.R.L."", ""GSK CH S.R.L.""",0.32,0.0,1.06
T.W.S. EXPRESS COURIER S.R.L.,0.32,0.0,1.06
EURONICS ITALIA S.P.A.,0.32,0.0,1.06
MONCLER S.P.A.,0.32,0.0,1.06
BASELL POLIOLEFINE ITALIA S.R.L.,0.31,0.0,1.04
BIMAN S.R.L.,0.31,0.0,1.04
SALMOIRAGHI & VIGANO' S.P.A. E - IN FORMA ABBREVIATA - S&V S.P.A.,0.31,0.0,1.04
CEM AMBIENTE S.P.A.,0.31,0.0,1.04
GAZPROM ITALIA S.P.A.,0.31,0.0,1.04
MARELLI SALVATORE S.R.L.,0.31,0.0,1.04
SORGENIA TRADING S.P.A.,0.31,0.0,1.04
EY ADVISORY S.P.A.,0.31,0.0,1.04
MARTEC S.P.A.,0.31,0.0,1.03
RENO DE MEDICI SPA,0.31,0.0,1.03
PRIMARK ITALY S.R.L.,0.31,0.12,0.75
HONEYWELL S.R.L.,0.3,0.0,1.02
NICE S.R.L. MANIFATTURA TESSILE,0.3,0.0,1.01
BRIANZACQUE S.R.L.,0.3,0.0,1.01
SOLVAY ENERGY SERVICES ITALIA S.R.L.IN FORMA ABBREVIATA SES ITALI A SRL,0.3,0.0,1.01
TETRA PAK FOOD ENGINEERING S.P.A.,0.3,0.0,0.99
MEREGALLI IMPIANTI TERMOTECNICI S.R.L.,0.3,0.0,0.99
BOSCH REXROTH S.P.A.,0.3,0.0,0.99
EXPEDITORS INTERNATIONAL ITALIA S.R.L.,0.3,0.0,0.99
TENOVA S.P.A.,0.3,0.0,0.98
WUERTH ELEKTRONIK ITALIA S.R.L.,0.3,0.0,0.98
OSPEDALE GALEAZZI S.P.A.,0.3,0.0,0.98
GS SPA,0.3,0.0,0.98
CAB SRL,0.3,0.0,0.98
EURO-TRADE SPA,0.29,0.0,0.97
SCHINDLER - SOCIETA' PER AZIONI,0.29,0.0,0.97
CBS LAVORO S.P.A.,0.29,0.0,0.97
COMPAGNIA ITALIANA FORME ACCIAIO S.P.A. NELLA FORMA ESTESA E CIFA S.P.A. NELLA FORMA ABBREVIATA,0.29,0.0,0.97
"""COVISIAN SOCIETA' PER AZIONI"" O, IN FORMA ABBREVIATA ""COVISIAN S.P.A.""",0.29,0.0,0.96
EGIMOTORS S.R.L.,0.29,0.0,0.96
RIZZOLI CORRIERE DELLA SERA MEDIAGROUP SPA O IN FORMA ABBREVIATA RCS MEDIAGROUP SPA O RCS S.P.A.,0.29,0.0,0.96
PHILIP MORRIS MANUFACTURING & TECHNOLOGY BOLOGNA S.P.A,0.29,0.0,0.96
KROLL ADVISORY HOLDING S.P.A.,0.29,0.0,0.96
ARCO LOGISTICA S.R.L.,0.29,0.0,0.95
OUTOKUMPU S.R.L.,0.29,0.0,0.95
PRELIOS CREDIT SOLUTIONS S.P.A.,0.29,0.0,0.95
MICRON SEMICONDUCTOR ITALIA S.R.L.,0.29,0.0,0.95
EDISON ENERGIA S.P.A.,0.29,0.0,0.95
ELIOR RISTORAZIONE S.P.A.,0.28,0.0,0.94
WHIRLPOOL MANAGEMENT EMEA SRL,0.28,0.0,0.94
KNORR-BREMSE SISTEMI PER AUTOVEICOLI COMMERCIALI S.P.A.,0.28,0.0,0.94
APERAM STAINLESS SERVICES & SOLUTIONS ITALY SRL,0.28,0.0,0.94
TRILLIUM PUMPS ITALY S.P.A. *,0.28,0.19,0.5
PLATINO SRL,0.28,0.0,0.93
SIDAS S.P.A. SOCIETA' ITALIANA DISTRIBUZIONE ARTICOLI SPORTIVI **,0.28,0.0,0.93
BRENNTAG SPA,0.28,0.0,0.93
COMAP S.R.L.,0.28,0.0,0.92
DIFARCO S.R.L.,0.28,0.0,0.92
RISTOSERVICE S.R.L.,0.28,0.0,0.92
SOLVAY SPECIALTY POLYMERS ITALY S.P.A.,0.28,0.0,0.92
CERVED GROUP S.P.A.,0.27,0.0,0.91
ADI ENERGIA S.R.L.,0.27,0.0,0.91
"CCS JV S.C.A R.L. O, IN FORMA ABBREVIATA CCS S.C.A R.L.",0.27,0.0,0.9
"PANDORA ITALIA SOCIETA' A RESPONSABILITA' LIMITATA IN BREVE ""PANDORA ITALIA S.R.L.""",0.27,0.0,0.9
INTESA SANPAOLO RENT FORYOU S.P.A.,0.27,0.0,0.9
SOLAREDGE TECHNOLOGIES ITALY S.R.L.,0.27,0.0,0.9
SPIN SPA,0.27,0.0,0.9
STENA METALL HOLDING S.R.L.,0.27,0.0,0.9
BASF COATINGS SERVICES ITALY S.R.L.,0.27,0.0,0.9
WEBUILD ITALIA SPA,0.27,0.0,0.89
LVMH PROFUMI E COSMETICI ITALIA S.R.L.,0.27,0.0,0.89
CHG-MERIDIAN ITALIA SPA,0.27,0.0,0.89
SMURFIT KAPPA CARTIERA DI VERZUOLO S.R.L.,0.27,0.0,0.89
ITALIA MARKET S.R.L.,0.27,0.0,0.89
SOLVAY SOLUTIONS ITALIA S.P.A.,0.27,0.0,0.89
ISTITUTO EUROPEO DI ONCOLOGIA SRL,0.26,0.0,0.88
ATOS ITALIA S.P.A.,0.26,0.0,0.88
NESPRESSO ITALIANA S.P.A. - SOCIETA' BENEFIT,0.26,0.0,0.88
E.P.CART S.R.L.,0.26,0.0,0.88
SANGECO SOCIETA' CONSORTILE A R.L.,0.26,0.0,0.88
SPECIAL FLANGES SOCIETA' PER AZIONI **,0.26,0.0,0.88
OLTREFRONTIERA PROGETTI S.R.L.,0.26,0.0,0.88
BOSTON SCIENTIFIC SPA,0.26,0.0,0.88
CENTREX ITALIA S.P.A.,0.26,0.0,0.88
SACCARTA SPA,0.26,0.0,0.88
EDENRED UTA MOBILITY SRL,0.26,0.0,0.88
AMGEN S.R.L.,0.26,0.11,0.62
BSH ELETTRODOMESTICI S.P.A.,0.26,0.0,0.86
STANLEY BLACK & DECKER ITALIA S.R.L.,0.26,0.0,0.86
OFF-WHITE OPERATING S.R.L,0.26,0.0,0.86
RECLEAN SOCIETA' COOPERATIVA,0.26,0.0,0.86
SYSTEM ENGINEERING SOLUTIONS S.R.L.,0.26,0.0,0.86
GAVIOTA SIMBAC S.P.A.,0.26,0.0,0.85
EDISON RINNOVABILI S.P.A.,0.26,0.0,0.85
ACCIAIERIE D'ITALIA S.P.A.,0.26,0.0,0.85
HANKOOK TIRE ITALIA S.R.L.,0.26,0.0,0.85
PELLEGRINI S.P.A.,0.26,0.0,0.85
ELSTER S.R.L.,0.26,0.0,0.85
KELLOGG ITALIA SPA,0.26,0.0,0.85
GRENKE LOCAZIONE S.R.L.,0.26,0.0,0.85
TRENORD S.R.L.,0.25,0.0,0.84
PUBLITALIA 80 CONCESSIONARIA PUBBLICITA S.P.A. E IN FORMA ABBREVIATA PUBLITALIA 80 S.P.A.,0.25,0.0,0.84
HEIDRUN EUROPLASTIC SRL,0.25,0.0,0.84
CARTONGRAF 1890 S.R.L.,0.25,0.0,0.84
AMIACQUE SRL,0.25,0.0,0.84
F.LLI MOLTENI S.P.A.,0.25,0.0,0.84
GALLIZO ITALIA S.R.L.,0.25,0.0,0.83
NICHEL LEGHE SPA,0.25,0.0,0.83
BUILDING DIVISION S.R.L.,0.25,0.0,0.83
CHRISTIAN DIOR ITALIA S.R.L.,0.25,0.0,0.83
DISCOVERY ITALIA S.R.L.,0.25,0.0,0.83
ELETTRONICA INDUSTRIALE SPA,0.25,0.0,0.83
GRUPPO FONTANA (1),0.25,0.17,0.42
VOLVO GROUP RETAIL ITALIA S.R.L.,0.25,0.0,0.82
BAXTER S.R.L.,0.25,0.0,0.82
LA.M.PLAST DI ALDO REDAELLI & C SRL,0.25,0.0,0.82
COMMUNICATION VIDEO ENGINEERING S.R.L.,0.25,0.0,0.82
BUZZI S.P.A.,0.25,0.0,0.82
POLICLINICO SAN DONATO S.P.A.,0.24,0.0,0.81
EUROTUBI EUROPA SRL,0.24,0.0,0.81
AMAZON ONLINE ITALY S.R.L.,0.24,0.0,0.81
EUROTRANCIATURA S.P.A.,0.24,0.0,0.81
NOKIA SOLUTIONS AND NETWORKS ITALIA S.P.A.,0.24,0.0,0.81
BEIERSDORF S.P.A.,0.24,0.0,0.81
AVIENT COLORANTS ITALY S.R.L.,0.24,0.0,0.81
WOODTECH ITALIA S.R.L.,0.24,0.0,0.81
ATALA S.P.A.,0.24,0.0,0.81
SET S.P.A.,0.24,0.0,0.81
CONSORZIO LOMBARDO PER LA RIQUALIFICAZIONE ENERGETICA,0.24,0.0,0.8
C.P.C. INOX S.P.A.,0.24,0.0,0.8
WORLD FUEL SERVICES ITALY S.R.L.,0.24,0.0,0.8
AGENZIA ANTONIO PIROVANO S.R.L.,0.24,0.0,0.8
ALTEN ITALIA S.P.A.,0.24,0.0,0.8
KPMG ADVISORY S.P.A.,0.24,0.0,0.8
ZAPPA S.R.L.,0.24,0.0,0.8
GE MEDICAL SYSTEMS ITALIA S.P.A,0.24,0.0,0.8
GRUPPO APROCHIMIDE,0.24,0.0,0.79
MAKIRA S.R.L.,0.24,0.0,0.79
NALCO ITALIANA S.R.L.,0.24,0.0,0.79
THE WALT DISNEY COMPANY ITALIA S.R.L.,0.23,0.0,0.78
CAIRORCS MEDIA S.P.A.,0.23,0.0,0.78
I & D S.R.L.,0.23,0.0,0.78
F.A.I.R. S.R.L.,0.23,0.0,0.78
URSA ITALIA S.R.L.,0.23,0.0,0.78
SEALED AIR S.R.L.,0.23,0.0,0.78
DHL SUPPLY CHAIN (ITALY) S.P.A.,0.23,0.0,0.78
FOOT LOCKER ITALY SRL,0.23,0.0,0.78
FRESH TROPICAL SRL BY JAWAD,0.23,0.0,0.78
GIORGIO ARMANI RETAIL S.R.L. IN FORMA ABBREVIATA G.A. RETAIL S.R.L.,0.23,0.0,0.77
GIANETTI FAD WHEELS S.R.L.,0.23,0.0,0.77
GENERTEC ITALIA S.R.L.,0.23,0.0,0.77
STILL S.P.A.,0.23,0.0,0.77
CISETTE SOCIETA' CONSORTILE A RESPONSABILITA' LIMITATA,0.23,0.0,0.77
HISENSE ITALIA SRL,0.23,0.0,0.77
SICAM SOCIETA' ITALIANA COMMERCIO ACCIAI E METALLI S.P.A.,0.23,0.0,0.77
KA.BO.FER. SRL,0.23,0.0,0.76
ADECCO ITALIA SPA,0.23,0.0,0.76
PILOT ITALIA S.P.A.,0.23,0.0,0.76
PENTA PETROLI SRL,0.23,0.0,0.76
POSCO INTERNATIONAL ITALIA SRL,0.23,0.0,0.76
SHELL ITALIA OIL PRODUCTS S.R.L.,0.23,0.0,0.76
ROBERT BOSCH S.P.A.,0.23,0.0,0.76
AON S.P.A. INSURANCE & REINSURANCE BROKERS O IN FORMA ABBREVIATA AON S.P.A.,0.22,0.0,0.75
JAKALA S.P.A. SOCIETA' BENEFIT,0.22,0.0,0.75
FM COMPANY S.R.L.,0.22,0.0,0.75
WIND TRE ITALIA S.P.A.,0.22,0.0,0.75
TEKMAG S.R.L.,0.22,0.0,0.75
FORMENTI & GIOVENZANA S.P.A. (1),0.22,0.0,0.75
LANXESS S.R.L.,0.22,0.0,0.75
CMO GROUP S.R.L.,0.22,0.0,0.75
SKECHERS USA ITALIA S.R.L.,0.22,0.0,0.75
INTALS S.P.A.,0.22,0.0,0.74
PATHEON ITALIA S.P.A.,0.22,0.0,0.74
PENNY MARKET S.R.L.,0.22,0.0,0.74
CIP LOMBARDIA SRL,0.22,0.0,0.74
SIRTI - SOCIETA' PER AZIONI,0.22,0.0,0.74
SORBARA AUTO S.R.L.,0.22,0.0,0.74
TOSCA ITALY S.P.A.,0.22,0.0,0.74
MYLAN ITALIA S.R.L.,0.22,0.0,0.72
ESTEE LAUDER S.R.L.,0.22,0.0,0.72
ESSEGOMMA - S.P.A.,0.22,0.0,0.72
LEADING TECHNOLOGIES S.R.L.,0.22,0.0,0.72
AMAZON ITALIA TRANSPORT S.R.L.,0.22,0.0,0.72
DITTA COLOMBO BIAGIO S.R.L.,0.22,0.0,0.72
GRUPPO VRV S.R.L. (2),0.22,0.0,0.72
CONFORAMA ITALIA S.P.A.,0.22,0.0,0.72
CEVA SALUTE ANIMALE S.P.A.,0.22,0.0,0.72
WESTCON GROUP ITALIA S.R.L.,0.22,0.0,0.72
INTERNATIONAL PAPER ITALIA S.R.L.,0.22,0.0,0.72
AMAZON DATA SERVICES ITALY S.R.L.,0.22,0.0,0.72
E.P.M. S.P.A. **,0.22,0.0,0.72
BERETTA SRL,0.22,0.0,0.72
ENERGYA S.P.A.,0.21,0.0,0.71
PHILIPS S.P.A.,0.21,0.0,0.71
KPMG S.P.A.,0.21,0.0,0.71
SORIN GROUP ITALIA SRL,0.21,0.0,0.71
BAYWA R.E. ENERGY TRADING S.R.L.,0.21,0.0,0.71
GEORG FISCHER S.P.A.,0.21,0.0,0.71
I.R.L. S.R.L.,0.21,0.0,0.71
TEVA ITALIA S.R.L.,0.21,0.0,0.71
KURSANA LUNGA VITA SOCIETA' COOPERATIVA SOCIALE - ONLUS,0.21,0.0,0.71
FIVES ITAS S.P.A.,0.21,0.0,0.71
OSPEDALE SAN RAFFAELE S.R.L.,0.21,0.0,0.7
TURCONI SPA,0.21,0.0,0.7
AMPLIFON S.P.A.,0.21,0.0,0.7
ELLE EMME LOGISTICA S.P.A.,0.21,0.0,0.7
O.M.A. S.R.L.,0.21,0.0,0.7
DEVERO GROUP SRL,0.21,0.0,0.7
TD SYNNEX ITALY S.R.L.,0.21,0.0,0.69
VIRMA S.P.A.,0.21,0.0,0.69
BONETTI S.R.L.,0.21,0.0,0.69
SMITH & NEPHEW SRL,0.21,0.0,0.69
"ITALATTE SOCIETA' A RESPONSABILITA' LIMITATA IN BREVE ""ITALATTE S .R.L.""",0.21,0.0,0.69
G.A. OPERATIONS S.P.A.,0.21,0.0,0.69
FLAME SPRAY S.P.A.,0.21,0.0,0.69
RECORDATI INDUSTRIA CHIMICA E FARMACEUTICA S.P.A. IN BREVE RECORDATI S.P.A.,0.21,0.0,0.69
ELLEMOTORS S.R.L.,0.2,0.0,0.68
IL SOLE 24 ORE S.P.A.,0.2,0.0,0.68
BOLTON MANITOBA S.P.A.,0.2,0.0,0.68
ELESA S.P.A.,0.2,0.0,0.68
LAPP ITALIA S.R.L.,0.2,0.0,0.68
F R A M S.R.L.,0.2,0.0,0.68
CRS HOME S.R.L.,0.2,0.0,0.68
SAN CARLO GRUPPO ALIMENTARE S.P.A.,0.2,0.0,0.68
KCS CAREGIVER COOPERATIVA SOCIALE,0.2,0.0,0.68
ATAM S.P.A.,0.2,0.0,0.68
PONZINI HOLDING S.R.L.,0.2,0.0,0.68
CAPSOL S.P.A.,0.2,0.0,0.67
RITRAMA S.P.A.,0.2,0.0,0.67
VELCRO ITALIA S.R.L.,0.2,0.0,0.67
E.ON BUSINESS SOLUTIONS S.R.L.,0.2,0.0,0.67
ALFA LAVAL SPA,0.2,0.0,0.67
A.E.B. APPARECCHIATURE EROGAZIONE BEVANDE S.R.L.,0.2,0.0,0.67
RO + TEN S.R.L.,0.2,0.0,0.67
CORIONI S.R.L.,0.2,0.0,0.67
SODEXO ITALIA S.P.A.,0.2,0.0,0.67
BRICOCENTER ITALIA S.R.L.,0.2,0.0,0.67
L.A.I.E.F. S.R.L. LAVORAZIONI ACCIAIO INOX E FERRO S.R.L.,0.2,0.0,0.67
OLON S.P.A.,0.2,0.0,0.67
BIOISOTHERM SRL,0.2,0.0,0.67
JANSSEN CILAG S.P.A.,0.2,0.12,0.39
MIFLEX 2 S.P.A.,0.2,0.0,0.66
ALI GROUP S.R.L.,0.2,0.0,0.66
ESSERENERGIA SPA,0.2,0.0,0.66
S.E.A.M. SRL SERVIZI ECOLOGICI AMBIENTALI MISINTO,0.2,0.0,0.66
INDES IMBALLAGGI SRL,0.2,0.0,0.66
OERLIKON BALZERS COATING ITALY S.P.A.,0.2,0.0,0.66
NEOPHARMED GENTILI S.P.A.,0.2,0.0,0.66
CO.MA.CO. 51 S.R.L.,0.2,0.0,0.66
PILZ ITALIA S.R.L.,0.2,0.0,0.66
SKILLS IN HEALTHCARE ITALIA S.R.L.,0.2,0.0,0.66
ORTEA S.P.A,0.2,0.15,0.31
PRADA S.P.A.,0.19,0.0,0.65
DNP PHOTOMASK EUROPE S.P.A.,0.19,0.0,0.65
O.M.M. SRL DELL'ING. ROBERTO NATALE MARIANI,0.19,0.0,0.65
VEFER S.P.A.,0.19,0.0,0.65
SPEKTRA S.R.L.,0.19,0.0,0.65
ROTOLITO S.P.A.,0.19,0.0,0.65
"AZIENDA REGIONALE PER L'INNOVAZIONE E GLI ACQUISTI S.P.A., IN BREVE ""ARIA S.P.A.""",0.19,0.0,0.65
AGRATE MOTORI 2 S.R.L.,0.19,0.0,0.65
CO.PA.DA. S.R.L.,0.19,0.0,0.64
SOLENIS ITALIA S.R.L.,0.19,0.0,0.64
UNITED PARCEL SERVICE ITALIA SRL,0.19,0.0,0.64
DYSON S.R.L.,0.19,0.0,0.64
FOODEX S.R.L.,0.19,0.0,0.64
M.E. S.P.A.,0.19,0.0,0.64
HERMES ITALIE S.P.A.,0.19,0.0,0.64
IMR-INDUSTRIALESUD S.P.A.,0.19,0.0,0.64
RECKITT BENCKISER HEALTHCARE (ITALIA) S.P.A.,0.19,0.0,0.64
RIVA ACCIAIO S.P.A.,0.19,0.0,0.64
GIUSEPPE CITTERIO SALUMIFICIO S.P.A. IN BREVE GIUSEPPE CITTERIO S.P.A.,0.19,0.0,0.64
STAR S.P.A.,0.19,0.0,0.64
"CONSORZIO NAZIONALE PER LA RACCOLTA, IL RICICLO E IL RECUPERO DEGLI IMBALLAGGI IN PLASTICA",0.19,0.0,0.64
WORTHINGTON S.R.L. (1),0.19,0.0,0.64
EUR - ACCIAI S.P.A.,0.19,0.0,0.64
TERNINOX S.P.A.,0.19,0.0,0.64
BUILDING SERVICES BRIANZA SRL,0.19,0.0,0.63
ALTUGLAS S.R.L.,0.19,0.0,0.63
BECKHOFF AUTOMATION S.R.L.,0.19,0.0,0.63
TOSHIBA TEC ITALIA IMAGING SYSTEMS S.P.A.,0.19,0.0,0.63
F.LLI MASCIAGHI S.R.L.,0.19,0.0,0.63
OFFICINE VICA S.P.A.,0.19,0.0,0.63
LASER - SOCIETA' CONSORTILE A RESPONSABILITA' LIMITATA,0.19,0.0,0.63
P.O.S.A. - S.P.A.,0.18,0.0,0.62
BKW ITALIA S.P.A.,0.18,0.0,0.62
GNOSIS S.P.A.,0.18,0.0,0.62
RISO SCOTTI S.P.A.,0.18,0.0,0.62
PEG PEREGO S.P.A.,0.18,0.0,0.62
METAL WORK HOLDING S.P.A.,0.18,0.0,0.62
ENERGEAN ITALY S.P.A.,0.18,0.0,0.62
SAMSUNG ELECTRONICS ITALIA S.P.A.,0.18,0.0,0.62
LEGO S.P.A.,0.18,0.0,0.62
ARCELORMITTAL COMMERCIAL ITALY SRL,0.18,0.0,0.62
EIGENMANN & VERONELLI S.P.A.,0.18,0.0,0.62
S.C. JOHNSON ITALY S.R.L.,0.18,0.0,0.62
MARS ITALIA S.P.A.,0.18,0.0,0.61
CHANEL S.R.L.,0.18,0.0,0.61
UNOENERGY SOCIETA' PER AZIONI,0.18,0.0,0.61
COMPO EXPERT ITALIA S.R.L.,0.18,0.0,0.61
SANDVIK ITALIA S.P.A.,0.18,0.0,0.61
GIOVANARDI S.P.A.,0.18,0.0,0.61
EURONET PAY & TRANSACTION SERVICES S.R.L,0.18,0.0,0.61
RO.LA.FER. S.P.A.,0.18,0.0,0.61
BRICO IO S.P.A.,0.18,0.0,0.61
ILIAD ITALIA S.P.A.,0.18,0.0,0.59
IMPRESA SANGALLI GIANCARLO & C. S.R.L.,0.18,0.0,0.59
GIORGIO ARMANI S.P.A.,0.18,0.0,0.59
CEPAV (CONSORZIO ENI PER L'ALTA VELOCITA')DUE,0.18,0.0,0.59
CAREMOLI S.P.A.,0.18,0.0,0.59
VENUS SPA,0.18,0.0,0.59
FUMAGALLI DANILO S.R.L.,0.18,0.0,0.59
BECKMAN COULTER S.R.L.,0.18,0.0,0.59
HELM ITALIA SRL,0.18,0.0,0.59
TECNOSTAMP TRIULZI GROUP S.R.L.,0.18,0.0,0.59
MITSUI E&P ITALIA B S.R.L.,0.18,0.0,0.59
VALENTINO S.P.A.,0.18,0.0,0.58
THE JUICE PLUS+ COMPANY SRL,0.18,0.0,0.58
BBB S.P.A.,0.18,0.0,0.58
MANPOWER S.R.L.,0.18,0.0,0.58
SIEMENS HEALTHCARE S.R.L.,0.18,0.0,0.58
BERTO S.R.L.,0.17,0.0,0.57
MARCEGAGLIA BUILDTECH S.R.L.,0.17,0.0,0.57
PASTIFICIO CERATI SRL,0.17,0.0,0.57
MIREX SPA,0.17,0.0,0.57
WITTMANN BATTENFELD ITALIA SRL,0.17,0.0,0.57
BOFFI S.P.A.,0.17,0.0,0.57
SANT'ANDREA SOCIETA' COOPERATIVA SOCIALE,0.17,0.0,0.57
OMEGA-IFS S.R.L.,0.17,0.0,0.57
"""BEKO ITALY S.R.L.""",0.17,0.0,0.57
SALES CONSULTING - SOCIETA' A RESPONSABILITA' LIMITATA,0.17,0.0,0.57
NICKEL AND CO S.R.L.,0.17,0.0,0.57
ACCIAI BRIANZA S.P.A.,0.17,0.0,0.57
RECKITT BENCKISER ITALIA SPA,0.17,0.0,0.57
PARKER HANNIFIN ITALY S.R.L.,0.17,0.0,0.57
PRENATAL RETAIL GROUP S.P.A.,0.17,0.0,0.56
ESPRINET S.P.A.,0.17,0.0,0.56
MAPEI S.P.A.,0.17,0.0,0.56
PRENATAL S.P.A.,0.17,0.0,0.56
HELUKABEL ITALIA S.R.L.,0.17,0.0,0.56
INFORMATION DEVELOPMENT AND AUTOMATION S.R.L.,0.17,0.0,0.56
MESSAGGERIE LIBRI S.P.A.,0.17,0.0,0.56
GARNET S.R.L.,0.17,0.0,0.56
WORK GROUP S.R.L.,0.17,0.0,0.56
STAUBLI ITALIA S.P.A.,0.17,0.0,0.56
"BECTON, DICKINSON ITALIA S.P.A.",0.17,0.0,0.56
VOLVO CONSTRUCTION EQUIPMENT ITALIA S.P.A.,0.17,0.0,0.55
GAMMA CHIMICA S.P.A.,0.17,0.0,0.55
CAVOTEC SPECIMAS SPA,0.17,0.0,0.55
JINDAL NYLON FILMS S.R.L. (1),0.17,0.0,0.55
GOGLIO S.P.A. O IN FORMA ESTESA GOGLIO LUIGI MILANO S.P.A.,0.17,0.0,0.55
FILMCUTTER ADVANCED MATERIAL S.R.L.,0.17,0.0,0.55
SIR INDUSTRIALE S.P.A.,0.17,0.0,0.55
MIRABELLO CARRARA S.P.A.,0.17,0.0,0.55
HSG S.R.L.,0.17,0.0,0.55
NH ITALIA S.P.A.,0.16,0.0,0.54
ARTHEA GROUP S.R.L.,0.16,0.0,0.54
POLIFIBRA 2011 S.P.A.,0.16,0.0,0.54
TCT MOBILE ITALY S.R.L.,0.16,0.0,0.54
ALL SRL,0.16,0.0,0.54
RIALTO S.P.A.,0.16,0.0,0.54
SONATRACH RAFFINERIA ITALIANA S.R.L.,0.16,0.0,0.54
INTERZERO ITALY S.R.L.,0.16,0.0,0.54
PROMETEON TYRE GROUP S.R.L IN FORMA ABBREVIATA PTG S.R.L.,0.16,0.0,0.54
CONTRACT DIVISION S.R.L.,0.16,0.0,0.54
REFECTIO S.R.L.,0.16,0.0,0.54
LATTONEDIL S.P.A. MILANO,0.16,0.0,0.53
VIMOTER SPA,0.16,0.0,0.53
SAVE S.P.A.,0.16,0.0,0.53
PERFETTI VAN MELLE S.P.A.,0.16,0.0,0.53
PREVIERO N. - S.R.L.,0.16,0.0,0.53
ERRE-CI-A S.P.A.,0.16,0.0,0.53
SODEXO BENEFITS & REWARDS SERVICES ITALIA SRL,0.16,0.0,0.53
AGRIFARMA SPA,0.16,0.08,0.34
MANUCOR S.P.A.,0.16,0.0,0.52
CEDACRI S.P.A.,0.16,0.0,0.52
CANDY S.P.A.,0.16,0.0,0.52
FREUD S.P.A.,0.16,0.0,0.52
INDUSTRIES S.P.A.,0.16,0.0,0.52
SPEKTRA - AGRI S.R.L.,0.16,0.0,0.52
I.M.P. S.P.A.,0.16,0.0,0.52
PHD S.R.L.,0.16,0.0,0.52
REDMOTO S.R.L.,0.16,0.0,0.52
VAILLANT GROUP ITALIA S.P.A.,0.16,0.0,0.52
ITALIAONLINE S.P.A.,0.15,0.0,0.51
CISCO PHOTONICS ITALY S.R.L,0.15,0.0,0.51
NOVABIT S.R.L.,0.15,0.0,0.51
RONZONI S.R.L.,0.15,0.0,0.51
MOTTA S.R.L.,0.15,0.0,0.51
OCV ITALIA S.R.L.,0.15,0.0,0.51
TECNOIDEA IMPIANTI S.R.L.,0.15,0.0,0.5
BENNET S.P.A.,0.15,0.0,0.5
TEKNA CHEM S.P.A.,0.15,0.0,0.5
ACHILLE VALERA LISSONI S.R.L.,0.15,0.0,0.5
THYSSENKRUPP ELECTRICAL STEEL ITALIA S.R.L.,0.15,0.0,0.5
FAEL S.P.A. O FAELLUCE S.P.A.,0.15,0.0,0.5
SACCHI GIUSEPPE S.P.A.,0.15,0.0,0.5
FLAMEGAL CO. SRL,0.15,0.0,0.5
FRUTTITAL S.R.L.,0.15,0.0,0.5
A.M.G. S.P.A.,0.15,0.0,0.5
GRUPPO SHOP SRL,0.15,0.0,0.5
SOL S.P.A. (1),0.15,0.0,0.5
O.A. LISSONE S.R.L.,0.15,0.0,0.5
HYUNDAI MOTOR COMPANY ITALY S.R.L.,0.15,0.0,0.49
FLEXFORM - S.P.A.,0.15,0.0,0.49
CPM SPA,0.15,0.0,0.49
ACCENTURE TECHNOLOGY SOLUTIONS S.R.L.,0.15,0.0,0.49
ARDUINO S.R.L.,0.15,0.0,0.49
LIMA EUSIDER S.R.L.,0.15,0.0,0.49
PIGOMMA SOCIETA' PER AZIONI,0.15,0.0,0.49
PAGANI INDUSTRIE ALIMENTARI S.P.A.,0.15,0.0,0.49
STARTRADE S.R.L.,0.15,0.0,0.49
LOXEAL SRL,0.15,0.0,0.49
CITY MOTORS S.R.L.,0.15,0.0,0.49
TO.MARKET S.R.L.,0.15,0.0,0.49
EDIL VI.SPA. S.R.L.,0.14,0.0,0.48
SINCO WOOD S.R.L.,0.14,0.0,0.48
ARZUFFI S.R.L.,0.14,0.0,0.48
REDA S.P.A.,0.14,0.0,0.48
NUOVA SAMIA SRL,0.14,0.0,0.48
ARCA POLIMERI S.R.L.,0.14,0.0,0.48
"""NOVARTIS FARMA SPA""",0.14,0.0,0.48
AVNET EMG ITALY S.R.L.,0.14,0.0,0.48
AGILENT TECHNOLOGIES ITALIA S.P.A.,0.14,0.0,0.48
POLYEDRA S.P.A.,0.14,0.0,0.48
WINOA ITALIA S.R.L.,0.14,0.0,0.46
BRICOMAN ITALIA S.R.L.,0.14,0.0,0.46
BREVETTI STENDALTO S.P.A.,0.14,0.0,0.46
DIMAC RED S.P.A.,0.14,0.0,0.46
C.MATIC S.P.A.,0.14,0.0,0.46
FRAMORPOWER SRL,0.14,0.0,0.46
SD CHEMICALS SRL,0.14,0.0,0.46
RENATO CORTI S.P.A.,0.14,0.0,0.46
GIAMBELLI S.P.A.,0.14,0.0,0.46
S.T.T. SERVIZI TELEMATICI TELEFONICI SRL,0.14,0.0,0.46
VERNICIATURE D'ARCORE SRL,0.14,0.0,0.46
VIAVI SOLUTIONS ITALIA S.R.L.,0.14,0.0,0.46
VINAVIL SPA,0.14,0.0,0.46
STAR INDUSTRIALE S.R.L.,0.14,0.0,0.45
WEG ITALIA S.R.L.,0.14,0.0,0.45
CAIMI BREVETTI S.P.A.,0.14,0.0,0.45
MAPRO INTERNATIONAL MACCHINE PNEUMATICHE ROTATIVE S.P.A.,0.14,0.0,0.45
POLIPLAST SRL,0.14,0.0,0.45
HD STAR SRL,0.14,0.0,0.45
CENTRO CALOR S.R.L.,0.14,0.0,0.45
PLAYMOBIL ITALIA S.R.L.,0.14,0.0,0.45
LEBEN INGREDIENTS S.R.L.,0.14,0.0,0.45
TODINI AND CO. SPA,0.14,0.0,0.45
STMICROELECTRONICS S.R.L. (1),0.14,0.0,0.45
SNF ITALIA S.R.L.,0.14,0.0,0.45
SOLETO S.P.A.,0.14,0.0,0.45
OLISERVICE S.R.L.,0.14,0.0,0.45
SO.FARMA.MORRA S.P.A.,0.14,0.0,0.45
MEDTRONIC ITALIA S.P.A.,0.13,0.0,0.44
MICYS COMPANY S.P.A.,0.13,0.0,0.44
ROTTAPHARM S.P.A.,0.13,0.0,0.44
D.N.P. INDUSTRIALE SRL,0.13,0.0,0.44
EZI S.P.A.,0.13,0.0,0.44
HIWIN S.R.L.,0.13,0.0,0.44
DCG S.R.L.,0.13,0.0,0.44
BRIVAPLAST S.R.L.,0.13,0.0,0.44
GIORGETTI S.P.A.,0.13,0.0,0.44
HUAWEI TECHNOLOGIES ITALIA S.R.L.,0.13,0.0,0.44
DEMASTEEL S.R.L.,0.13,0.0,0.44
PRESEZZI EXTRUSION S.P.A.,0.13,0.0,0.44
DOMPE' FARMACEUTICI - S.P.A.,0.13,0.0,0.44
SAN.ECO.VIT. S.R.L.,0.13,0.0,0.44
HAMILTON ITALIA SRL,0.13,0.0,0.43
PANASONIC HEATING & VENTILATION AIR CONDITIONING ITALY S.R.L.,0.13,0.0,0.43
DOX-AL ITALIA S.P.A. **,0.13,0.0,0.43
TITALIA S.P.A.,0.13,0.0,0.43
AUTOTORINO S.P.A.,0.13,0.0,0.43
WHIRLPOOL ITALIA S.R.L.,0.13,0.0,0.43
INDUSTRIE CBI S.P.A. **,0.13,0.0,0.43
O.M.V. OFFICINE METALLURGICHE VENTURA S.P.A.,0.13,0.0,0.43
LCS S.P.A.,0.13,0.0,0.43
MANUFACTURES DIOR S.R.L.,0.13,0.0,0.43
BORMIOLI PHARMA S.P.A.,0.13,0.0,0.42
ACS DOBFAR SPA,0.13,0.0,0.42
ETICA CAPITAL S.R.L.,0.13,0.0,0.42
EUROFED S.R.L.,0.13,0.0,0.42
DIVERSEY S.P.A.,0.13,0.0,0.42
BORSA ITALIANA S.P.A.,0.13,0.0,0.42
APPLE RETAIL ITALIA S.R.L.,0.13,0.0,0.42
VIVISOL NAPOLI S.R.L.,0.13,0.0,0.42
BE.CO. COMMERCIALE ITALIA SRL,0.13,0.0,0.42
FEDERFARMA.CO DISTRIBUZIONE E SERVIZI IN FARMACIA S.P.A.,0.13,0.0,0.42
AMAZON ITALIA LOGISTICA S.R.L.,0.13,0.0,0.42
ELACHEM S.P.A.,0.13,0.0,0.42
TAF ABRASIVI S.P.A.,0.13,0.0,0.42
IPER MONTEBELLO S.P.A.,0.13,0.0,0.42
MEDA PHARMA S.P.A.,0.13,0.0,0.42
INTERCOS EUROPE S.P.A.,0.13,0.0,0.42
HALLSTAR ITALIA SRL,0.12,0.0,0.41
CHATEAU D'AX S.P.A.,0.12,0.0,0.41
TRILUX ITALIA S.R.L.,0.12,0.0,0.41
BIZERBA SOCIETA' PER AZIONI,0.12,0.0,0.41
PIETRO CORICELLI - S.P.A.,0.12,0.0,0.41
CARTARIA MONZESE S.R.L.,0.12,0.0,0.41
IMCD ITALIA S.P.A.,0.12,0.0,0.41
F.I.R.M.A. ITALIA SPA,0.12,0.0,0.41
TEMA PROMOTIONAL GIFTS S.R.L.,0.12,0.0,0.41
I.P.A. INDUSTRIA PORCELLANE S.P.A.,0.12,0.0,0.41
MEKTECH SRL,0.12,0.0,0.41
AXA ITALIA SERVIZI S.C.P.A.,0.12,0.0,0.41
MAB S.P.A.,0.12,0.0,0.41
SUAREZ COMPANY S.R.L.,0.12,0.0,0.41
REAL FORMAGGI SRL,0.12,0.0,0.41
MATICMIND S.P.A.,0.12,0.0,0.41
ANGELO CREMONA SPA,0.12,0.0,0.41
GIVIDI FABRICS S.R.L.,0.12,0.0,0.41
ROSLER ITALIANA SRL,0.12,0.0,0.41
MCI - MARZORATI COMPONENTI INDUSTRIALI SPA,0.12,0.0,0.41
CP TECHNOLOGY S.R.L.,0.12,0.0,0.4
COMESTERO SISTEMI S.R.L.,0.12,0.0,0.4
BIFIRE S.P.A.,0.12,0.0,0.4
COOK ITALIA S.R.L.,0.12,0.0,0.4
COSMELUX S.R.L.,0.12,0.0,0.4
EUROITALIA S.R.L. **,0.12,0.0,0.4
LUXOTTICA GROUP SPA,0.12,0.0,0.4
R.M.S. S.P.A.,0.12,0.0,0.4
FEDEX EXPRESS ITALY S.R.L.,0.12,0.0,0.4
FINELEX SOCIETA' CONSORTILE PER AZIONI,0.12,0.0,0.4
AARTEE DISTRIBUZIONE ITALIA SRL,0.12,0.0,0.39
OBI ITALIA S.R.L.,0.12,0.0,0.39
BOREALIS ITALIA S.P.A.,0.12,0.0,0.39
COGI S.R.L.,0.12,0.0,0.39
DEMAG CRANES & COMPONENTS S.R.L.,0.12,0.0,0.39
S.C.A.R. REFRIGERAZIONE S.R.L.,0.12,0.0,0.39
FULL METALS S.R.L.,0.12,0.0,0.39
AGRI BRIANZA S.R.L.,0.12,0.0,0.39
REVEVOL ITALIA S.R.L.,0.12,0.0,0.39
AIR LOGISTICS S.R.L.,0.12,0.0,0.39
RICCHI AUTO S.R.L.,0.12,0.0,0.39
GOODYEAR TIRES ITALIA - SOCIETA' PER AZIONI,0.12,0.0,0.39
AXALTA COATING SYSTEMS ITALY SRL,0.12,0.0,0.39
GIOCHI PREZIOSI S.P.A.,0.12,0.0,0.39
RETIPIU' SRL,0.12,0.0,0.39
ASG S.P.A.,0.12,0.0,0.39
FESTO S.P.A.,0.12,0.0,0.39
KOLMAR ITALIA S.R.L.,0.12,0.0,0.39
EVOLUTION S.R.L.,0.12,0.0,0.39
LA RINASCENTE S.P.A,0.12,0.0,0.39
HOMAG ITALIA S.P.A.,0.11,0.0,0.38
INDUSTRY BUSINESS EUROPEAN SRL,0.11,0.0,0.38
AVANADE ITALY S.R.L.,0.11,0.0,0.38
MAS ELETTRODOMESTICI DA INCASSO - S.R.L.,0.11,0.0,0.38
DVG DE VECCHI S.R.L.,0.11,0.0,0.38
GRUPPO CIMBALI S.P.A.,0.11,0.0,0.38
GUILLIN ITALIA S.P.A.,0.11,0.0,0.38
ACCENTURE FINANCIAL ADVANCED SOLUTIONS & TECHNOLOGY S.R.L.,0.11,0.0,0.38
GOLEM.COM S.R.L.,0.11,0.0,0.38
ORGANIKE S.R.L.,0.11,0.0,0.38
VERNICI CALDART S.R.L.,0.11,0.0,0.38
BOSCH REXROTH OIL CONTROL S.P.A.,0.11,0.0,0.38
"F.A.R.O. FABBRICA APPARECCHIATURE RAZIONALI ODONTOIATRICHE SOCIETA' PER
AZIONI",0.11,0.0,0.38
EMAR GIANNOBI S.R.L.,0.11,0.0,0.38
SYNERGY S.R.L.,0.11,0.0,0.37
PALADINO COSTRUZIONI S.R.L.,0.11,0.0,0.37
O.M.E.M. S.P.A. OFFICINE MECCANICHE ERBA-MONZA,0.11,0.0,0.37
C.M.C. ITALIA S.R.L.,0.11,0.0,0.37
LAGOGEL S.R.L.,0.11,0.0,0.37
BURCKHARDT COMPRESSION (ITALIA) S.R.L.,0.11,0.0,0.37
MANTOVANI S.R.L.,0.11,0.0,0.37
D.M.B. S.R.L.,0.11,0.0,0.37
MOLTENI & C.- S.P.A.,0.11,0.0,0.37
LIVING DIVANI S.R.L.,0.11,0.0,0.37
CAPSULIT S.P.A.,0.11,0.0,0.37
GROUPE SEB ITALIA S.P.A.,0.11,0.0,0.37
MERBAG S.P.A.,0.11,0.0,0.37
CALVI HOLDING S.P.A.,0.11,0.0,0.37
GOOGLE CLOUD ITALY SRL,0.11,0.0,0.37
TESLA ITALY S.R.L.,0.11,0.0,0.36
YARA ITALIA S.P.A.,0.11,0.0,0.36
KLA TENCOR ITALY S.R.L.,0.11,0.0,0.36
ELIOGAS SRL,0.11,0.0,0.36
EMMI DESSERT ITALIA S.P.A.,0.11,0.0,0.36
UTILITA' S.P.A.,0.11,0.0,0.36
ARCELORMITTAL AVELLINO E CANOSSA S.P.A.,0.11,0.0,0.36
FRETTE S.R.L.,0.11,0.0,0.36
DELIZIA S.R.L.,0.11,0.0,0.36
IMPERIAL SRL,0.11,0.0,0.36
AMBER S.R.L.,0.11,0.0,0.36
LATTERIA NOEM SRL,0.1,0.0,0.35
PROFIMED SRL,0.1,0.0,0.35
A. AGRATI S.P.A.,0.1,0.0,0.35
SESTO AUTOVEICOLI S.P.A.,0.1,0.0,0.35
UNION FOAM S.P.A.,0.1,0.0,0.35
COMMERCIALE GIUSSANI S.R.L.,0.1,0.0,0.35
DOCEBO S.P.A.,0.1,0.0,0.35
GARO DOTT.ING.ROBERTO GABBIONETA S.R.L.,0.1,0.0,0.35
CORDEN PHARMA S.P.A.,0.1,0.0,0.34
NOVA S.R.L.,0.1,0.0,0.34
DICOMI S.R.L.,0.1,0.0,0.34
VARIATI S.P.A.,0.1,0.0,0.34
CANTARELLA & MOLTENI S.R.L.,0.1,0.0,0.34
ETRO S.P.A.,0.1,0.0,0.34
TONCAR S.R.L.,0.1,0.0,0.34
SALMILANO S.P.A.,0.1,0.0,0.34
CARLO BRAMBILLA S.R.L.,0.1,0.0,0.34
NEXT HARDWARE & SOFTWARE S.P.A.,0.1,0.0,0.34
MELCHIONI S.P.A.,0.1,0.0,0.34
LIBRERIE FELTRINELLI S.R.L.,0.1,0.0,0.34
BLUEIT S.P.A. SOCIETA' BENEFIT,0.1,0.0,0.34
RODACCIAI S.P.A.,0.1,0.0,0.34
MARIANI FERRO S.P.A.,0.1,0.0,0.34
T.D.M. S.R.L.,0.1,0.0,0.34
ROLLON S.P.A.,0.1,0.0,0.34
ENGINEERING 2K S.P.A.,0.1,0.0,0.34
BASF ITALIA S.P.A.,0.1,0.0,0.34
EFFEPI AUTO S.R.L.,0.1,0.0,0.32
KION RENTAL SERVICES S.P.A.,0.1,0.0,0.32
ECOSAN S.R.L.,0.1,0.0,0.32
EAGLEBURGMANN ITALIA S.R.L.,0.1,0.0,0.32
ELEKTA S.P.A.,0.1,0.0,0.32
DOW ITALIA DIVISIONE COMMERCIALE S.R.L.,0.1,0.0,0.32
CEBA INGRANAGGI S.R.L.,0.1,0.0,0.32
COMPRORO S.R.L.,0.1,0.0,0.32
LUIGI FEDELI E FIGLIO S.R.L.,0.1,0.0,0.32
TECON S.P.A.,0.1,0.0,0.32
P. & C. PRODUCTS S.R.L.,0.1,0.0,0.32
CHEMETALL ITALIA S.R.L.,0.1,0.0,0.32
MAN AND MACHINE SOFTWARE S.R.L.,0.1,0.0,0.32
EBV ELEKTRONIK S.R.L.,0.1,0.0,0.32
FPZ S.P.A.,0.09,0.0,0.31
DAL CIN GILDO S.P.A.,0.09,0.0,0.31
IVM CHEMICALS S.R.L.,0.09,0.0,0.31
LOGICOM ITALIA S.R.L.,0.09,0.0,0.31
AL DAHRA EUROPE S.R.L.,0.09,0.0,0.31
ENGEL ITALIA SRL,0.09,0.0,0.31
GOOGLE ITALY S.R.L.,0.09,0.0,0.31
PLAX S.P.A. **,0.09,0.0,0.31
SYNGENTA ITALIA S.P.A.,0.09,0.0,0.31
I.V.M. S.P.A.,0.09,0.0,0.31
UPONOR S.R.L.,0.09,0.0,0.3
UNICOAL SPA,0.09,0.0,0.3
BISCOTTI GULLON S.R.L.,0.09,0.0,0.3
AE.CAS. SRL,0.09,0.0,0.3
CHATEAUFORM ITALIA S.R.L.,0.09,0.0,0.3
AUTONOVARA S.R.L.,0.09,0.0,0.3
BERLIN PACKAGING ITALY S.P.A.,0.09,0.0,0.3
GTE SRL,0.09,0.0,0.3
STELLA SRL,0.09,0.0,0.3
FORTINET SECURITY ITALY S.R.L.,0.09,0.0,0.3
PANZERI CARLO S.R.L.,0.09,0.0,0.3
LEGNANO TEKNOELECTRIC COMPANY SPA,0.09,0.0,0.3
BOCCOLINI S.R.L.,0.09,0.0,0.3
KOCH-GLITSCH ITALIA S.R.L.,0.09,0.0,0.3
MAKINO S.R.L.,0.09,0.0,0.3
MAER ITALIA SOCIETA' A RESPONSABILITA' LIMITATA,0.09,0.0,0.3
RESSTENDE S.R.L.,0.09,0.0,0.3
TAMINI TRASFORMATORI S.R.L.,0.09,0.0,0.3
GRUPPO GIMOKA S.P.A.,0.09,0.0,0.29
S.I.D.EM. SPA,0.09,0.0,0.29
TECNOGARDEN SERVICE SRL,0.09,0.0,0.29
AEROSPACE MATERIALS MANAGEMENT S.R.L. IN FORMA ABBREVIATA AMM S.R.L.,0.09,0.0,0.29
AZELIS ITALIA S.R.L.,0.09,0.0,0.29
GN AUDIO ITALY S.R.L.,0.09,0.0,0.29
MONTRASIO ITALIA S.R.L.,0.09,0.0,0.29
NUOVA ANGELO TURATI S.R.L.,0.09,0.0,0.29
JOHN CRANE ITALIA S.P.A.,0.09,0.0,0.29
CIVE SRL,0.09,0.0,0.29
COLOMBO MICHELE E FIGLI SRL,0.09,0.0,0.29
ARDEMAGNI S.P.A.,0.09,0.0,0.29
L'ISOLANTE K-FLEX SOCIETA' PER AZIONI,0.09,0.0,0.29
ARTECA S.P.A.,0.08,0.0,0.28
TOSHIBA GLOBAL COMMERCE SOLUTIONS (ITALY) S.R.L.,0.08,0.0,0.28
MOELLHAUSEN SPA,0.08,0.0,0.28
CARTA STAMPA S.R.L.,0.08,0.0,0.28
MESSA T. S.P.A.,0.08,0.0,0.28
A.C.E. SRL,0.08,0.0,0.28
TEA-CO TECNOLOGIE ELETTRICHE APPLICATE - CONCOREZZO S.P.A.,0.08,0.0,0.28
TESSITURA ORESTE MARIANI S.P.A.,0.08,0.0,0.28
SMITHS DETECTION ITALIA S.R.L.,0.08,0.0,0.28
BEA GESTIONI SPA,0.08,0.0,0.28
SANYANG ITALIA S.R.L.,0.08,0.0,0.28
AHSI S.P.A.,0.08,0.0,0.28
ECSA ITALIA S.R.L.,0.08,0.0,0.28
HAWORTH ITALY HOLDING S.R.L.,0.08,0.0,0.27
HUMANITAS MIRASOLE S.P.A.,0.08,0.0,0.27
IMPRECOM S.R.L.,0.08,0.0,0.27
EURO MOTORS ITALIA SPA EMI,0.08,0.0,0.27
CAVE ROCCA S.R.L.,0.08,0.0,0.27
TELEFLEX MEDICAL S.R.L.,0.08,0.0,0.27
SERVIZI ENERGIA ITALIA S.P.A.,0.08,0.0,0.27
DAYTONA S.R.L.,0.08,0.0,0.27
FABAS-LUCE SPA,0.08,0.0,0.27
GIOMA VARO SRL,0.08,0.0,0.27
GITRE S.R.L.,0.08,0.0,0.27
AB MEDICA S.P.A.,0.08,0.0,0.27
SAFETEC S.R.L.,0.08,0.0,0.27
BONOMI PATTINI GIUSEPPE E FIGLI S.P.A.,0.08,0.0,0.27
ESSELUNGA SPA,0.08,0.0,0.26
S.I.P. SOCIETA' ITALIANA PROTOTIPI S.R.L.,0.08,0.0,0.26
DIAMETRO SRL,0.08,0.0,0.26
FAMOSA ITALIA S.R.L.,0.08,0.0,0.26
EUROMOTORI S.R.L.,0.08,0.0,0.26
O.E.G. OFFICINA ELETTROMECCANICA GOTTIFREDI S.R.L.,0.08,0.0,0.26
G.P. CAR S.R.L.,0.08,0.0,0.26
AL.CI. S.R.L.,0.08,0.0,0.26
THE SWATCH GROUP (ITALIA) S.P.A.,0.08,0.0,0.26
GIUSSANI GROUP SRL,0.07,0.0,0.25
GEN AGRI S.R.L.,0.07,0.0,0.25
QUATTROBI S.R.L.,0.07,0.0,0.25
ALLIANCE MEDICAL ITALIA S.R.L.,0.07,0.0,0.25
KVADRAT S.P.A.,0.07,0.0,0.25
WAYNE FUELING SYSTEMS ITALIA S.R.L.,0.07,0.0,0.25
START ITALIANA S.R.L.,0.07,0.0,0.25
DARTON S.R.L.,0.07,0.0,0.25
MECAIR SRL,0.07,0.0,0.25
MODAR S.P.A.,0.07,0.0,0.25
MEREGALLI GIUSEPPE S.P.A.,0.07,0.0,0.25
ROCHE SOCIETA' PER AZIONI,0.07,0.0,0.25
MATEST S.P.A.,0.07,0.0,0.24
ISA S.P.A.,0.07,0.0,0.24
TECNAIR S.P.A.,0.07,0.0,0.24
ETJCA S.P.A.,0.07,0.0,0.24
VICSAM SISTEMI S.R.L.,0.07,0.0,0.24
"PROGETTO A. SOCIETA' COOPERATIVA SOCIALE VALIDAMENTE SIGLABILE ANCHE
COME PROGETTO A. S.C.S.",0.07,0.0,0.24
UNIMEC SPA,0.07,0.0,0.24
JACQUET NOVA SRL,0.07,0.0,0.24
ELECTRALINE 3PMARK SPA **,0.07,0.0,0.24
P.M. INTERNATIONAL ITALIA S.R.L.,0.07,0.0,0.24
DOC GENERICI S.R.L. O IN FORMA ABBREVIATA DOC S.R.L.,0.07,0.0,0.24
SACS TECNORIB S.P.A.,0.07,0.0,0.24
PASSONI PAOLO E FIGLI S.R.L.,0.07,0.0,0.24
CRI ENERBILITY S.R.L.,0.07,0.0,0.24
BESANA APPLICAZIONI PLASTICHE SRL,0.07,0.0,0.24
ITALFARMACO S.P.A.,0.07,0.0,0.24
GIELLEPI S.P.A.,0.07,0.0,0.24
GRUPPO MILLEPIANI S.P.A.,0.07,0.0,0.24
BABCOCK WANSON ITALIANA S.P.A.,0.07,0.0,0.24
GF MACHINING SOLUTIONS SPA,0.07,0.0,0.24
FOMAS S.P.A.,0.07,0.0,0.23
O. ELMI SRL,0.07,0.0,0.23
ENGICO SRL,0.07,0.0,0.23
PAOLA LENTI S.R.L.,0.07,0.0,0.23
ORTOFIN SRL,0.07,0.0,0.23
ALCON ITALIA S.P.A.,0.07,0.0,0.23
MANCINI ENTERPRISE SRL,0.07,0.0,0.23
CGT EDILIZIA S.P.A.,0.07,0.0,0.23
EUROCHEM AGRO S.P.A.,0.07,0.0,0.23
SAIVER S.R.L.,0.07,0.0,0.23
LUTECH S.P.A.,0.07,0.0,0.23
DOMETIC ITALY MARINE S.R.L.,0.07,0.0,0.23
TRAGNI S.R.L.,0.06,0.0,0.22
ASTALEGALE.NET S.P.A.,0.06,0.0,0.22
COMDATA S.P.A.,0.06,0.0,0.22
KINGMEDA S.R.L.,0.06,0.0,0.22
VELP SCIENTIFICA S.R.L.,0.06,0.0,0.22
KING GESTIONI ALBERGHIERE S.P.A.,0.06,0.0,0.22
KOFLER SRL,0.06,0.0,0.22
ABC SISTEM S.R.L.,0.06,0.0,0.22
DE WAVE S.R.L.,0.06,0.0,0.22
SMC ITALIA SPA,0.06,0.0,0.22
DELTA 2000 S.R.L.,0.06,0.0,0.22
PEPPERL + FUCHS FA ITALIA S.R.L.,0.06,0.0,0.22
AROMATAGROUP S.R.L.,0.06,0.0,0.22
MACPLAST S.P.A.,0.06,0.0,0.22
HERAEUS S.P.A.,0.06,0.0,0.22
SAMP S.P.A.,0.06,0.0,0.22
CHEMI - S.P.A.,0.06,0.0,0.22
MURRELEKTRONIK SRL,0.06,0.0,0.22
CAVAUTO S.R.L.,0.06,0.0,0.22
PROMIGROUP SRL,0.06,0.0,0.21
DANA FLUID POWER DISTRIBUTION S.R.L.,0.06,0.0,0.21
ALIMENTARI RADICE S.R.L.,0.06,0.0,0.21
F.LLI NOVARA S.R.L.,0.06,0.0,0.21
PARIS TEXAS S.R.L.,0.06,0.0,0.21
KOLOR + SERVICE S.R.L.,0.06,0.0,0.21
FORGE NICROMO S.P.A.,0.06,0.0,0.21
ECOGENIA S.R.L.,0.06,0.0,0.21
HOME FRAGRANCE ITALIA S.R.L.,0.06,0.0,0.21
SCATOLIFICIO ANGELO GARIBOLDI SRL,0.06,0.0,0.21
FLOU SPA,0.06,0.0,0.21
COENERGIA S.R.L.,0.06,0.0,0.21
MECONDOR- S.P.A.,0.06,0.0,0.21
WORKMEC S.P.A.,0.06,0.0,0.19
FALDUTO F.LLI S.R.L.,0.06,0.0,0.19
C.I.M.A. COMPAGNIA ITALIANA MOLLE ACCIAIO S.P.A.,0.06,0.0,0.19
TUBI THOR S.P.A.,0.06,0.0,0.19
ALUTRADE S.R.L.,0.06,0.0,0.19
"""LINDE MATERIAL HANDLING ITALIA S.P.A.""",0.06,0.0,0.19
CIPIEMME SRL,0.06,0.0,0.19
CASELLA SPA,0.06,0.0,0.19
EXHIBO S.P.A.,0.06,0.0,0.19
MINOTTI SPA,0.06,0.0,0.19
POWER LINE S.R.L.,0.06,0.0,0.19
MILANOFIORI SVILUPPO S.R.L.,0.06,0.0,0.19
SPOTTI S.R.L.,0.06,0.0,0.19
RENTAL PLUS SRL,0.06,0.0,0.19
TEKNOWOOL LOMBARDIA S.R.L.,0.06,0.0,0.19
ALFAMATION S.P.A.,0.06,0.0,0.19
BRIANZATENDE S.R.L.,0.06,0.0,0.18
BUSCH ITALIA S.R.L.,0.06,0.0,0.18
AMBIENTE ENERGIA BRIANZA SOCIETA' PER AZIONI,0.06,0.0,0.18
FRIESLANDCAMPINA ITALY S.R.L.,0.06,0.0,0.18
AMILON SRL,0.06,0.0,0.18
ARES S.R.L.,0.06,0.0,0.18
INTERNATIONAL POWER COMPONENTS S.R.L.,0.06,0.0,0.18
HENNECKE-OMS S.P.A.,0.06,0.0,0.18
I.R.A. ISTITUTO RICERCHE APPLICATE S.P.A.,0.06,0.0,0.18
EL.GA SPA,0.06,0.0,0.18
ALBRICCI S.R.L.,0.06,0.0,0.18
DP VISION S.R.L.,0.05,0.0,0.17
BICASA S.R.L.,0.05,0.0,0.17
VECO S.P.A.,0.05,0.0,0.17
QUANTUMCORRUGATED S.R.L.,0.05,0.0,0.17
COMMSCOPE ITALY S.R.L.,0.05,0.0,0.17
SPECIALTRASFO S.P.A.,0.05,0.0,0.17
EUROPERF S.R.L.,0.05,0.0,0.17
ROCHE DIAGNOSTICS S.P.A. *,0.05,0.0,0.17
BERETTA ALFREDO S.R.L.,0.05,0.0,0.17
FURIA CUSCINI S.P.A.,0.05,0.0,0.17
I.D.I. EVOLUTION S.R.L.,0.05,0.0,0.17
SIMPEC S.R.L. SOCIETA' IMPIANTI ECOLOGICI,0.05,0.0,0.17
NPI ITALIA S.R.L.,0.05,0.0,0.17
DANCO S.P.A.,0.05,0.0,0.17
RISTOPIU' LOMBARDIA SPA,0.05,0.0,0.17
HILTI ITALIA S.P.A.,0.05,0.0,0.17
XIAOMI TECHNOLOGY ITALY S.R.L.,0.05,0.0,0.16
STONEX S.R.L.,0.05,0.0,0.16
SAFETY S.P.A.,0.05,0.0,0.16
EXYTE ITALY S.R.L.,0.05,0.0,0.16
FIDIM SRL,0.05,0.0,0.16
ANGELO ROCCA & FIGLI S.R.L.,0.05,0.0,0.16
OR.S.A. SOCIETA' COOPERATIVA SOCIALE,0.05,0.0,0.16
AMBU S.R.L.,0.05,0.0,0.16
EUROPRODOTTI S.P.A.,0.05,0.0,0.16
DMG MORI ITALIA S.R.L. IN BREVE DMI S.R.L.,0.05,0.0,0.16
FARMA.CO.M. S.P.A. FARMACIE COMUNALI MONZA S.P.A.,0.05,0.0,0.16
COMIECO CONSORZIO NAZIONALE PER IL RECUPERO ED IL RICICLO DEGLI I MBALLAGGI A BASE CELLULOSICA,0.05,0.0,0.16
COVI S.R.L.,0.05,0.0,0.16
COMPO ITALIA S.R.L.,0.05,0.0,0.16
WATTS INDUSTRIES ITALIA S.R.L.,0.05,0.0,0.16
CRIPPACAMPEGGIO S.R.L.,0.05,0.0,0.16
"CIERREFFE LOMBARDIA S.R.L. SIGLABILE C.R.F. LOMBARDIA S.R.L. O CRF LOMBARDIA
S.R.L.",0.05,0.0,0.15
COEL DISTRIBUTION SRL,0.05,0.0,0.15
GSR TECHNOLOGY ITALY S.R.L.,0.05,0.0,0.15
DUERR DENTAL ITALIA S.R.L.,0.05,0.0,0.15
GRUPPO DESA S.P.A.,0.05,0.0,0.15
BAVELLONI S.P.A.,0.05,0.0,0.15
OMG S.R.L.,0.05,0.0,0.15
HUMANGEST S.P.A.,0.05,0.0,0.15
WERKCAM S.R.L.,0.05,0.0,0.15
ELMAG S.P.A.,0.05,0.0,0.15
KOS CARE S.R.L.,0.05,0.0,0.15
EMIFLEX S.P.A.,0.05,0.0,0.15
TEAFLEX S.P.A.,0.04,0.0,0.14
BOLDROCCHI SRL,0.04,0.0,0.14
SIPCAM OXON S.P.A.,0.04,0.0,0.14
ECO.SMALT S.R.L.,0.04,0.0,0.14
CAMBIELLI S.P.A.,0.04,0.0,0.14
S.I.L.F.A. SOCIETA' IMBALLAGGI LATTA FUSTI ACCIAIO - S.R.L.,0.04,0.0,0.14
CONDUCTIX- WAMPFLER S.R.L.,0.04,0.0,0.14
SPRINT ENERGY SRL,0.04,0.0,0.14
OPTOPRIM S.R.L.,0.04,0.0,0.14
EMME TECHNOLOGY S.R.L.,0.04,0.0,0.13
RALCO S.R.L.,0.04,0.0,0.13
PARA' S.P.A.,0.04,0.0,0.13
VANTA S.R.L.,0.04,0.0,0.13
ELETTRONICA ASTER S.P.A.,0.04,0.0,0.13
IMPRESA EDILE STRADALE ARTIFONI S.P.A.,0.04,0.0,0.13
REYS S.P.A,0.04,0.0,0.13
VIMERCATI SRL,0.04,0.0,0.12
TERMOMARKET S.R.L.,0.04,0.0,0.12
ZERO+4 S.R.L.,0.04,0.0,0.12
DIOTTI.COM S.R.L.,0.04,0.0,0.12
RESTAURA S.R.L.,0.04,0.0,0.12
G2 PORTE E FINESTRE S.R.L.,0.04,0.0,0.12
B&B ITALIA S.P.A.,0.04,0.0,0.12
IMS S.P.A.,0.04,0.0,0.12
AUTOGHINZANI BERGAMO SRL,0.04,0.0,0.12
DI.R.EL. SRL,0.04,0.0,0.12
NASTROFER S.P.A.,0.04,0.0,0.12
CORIGES SRL,0.04,0.0,0.12
REMARKET S.P.A.,0.04,0.0,0.12
BARRA COSTRUZIONI S.R.L.,0.04,0.0,0.12
CESAPLAST SPA,0.04,0.0,0.12
SUISSE NUTRAINGREDIENTS S.R.L.,0.04,0.0,0.12
A.M.INSTRUMENTS SRL,0.03,0.0,0.11
ICROM S.R.L.,0.03,0.0,0.11
TECNOROBOT S.R.L.,0.03,0.0,0.11
COOP CONSORZIO NORD OVEST SOC. CONSORTILE A R.L.,0.03,0.0,0.11
LARA COMPENSATI S.R.L.,0.03,0.0,0.11
UNES MAXI S.P.A.,0.03,0.0,0.11
NORD COMPENSATI S.R.L.,0.03,0.0,0.1
DOLCIARIA NEGRI SRL,0.03,0.0,0.1
GRUPPO ALFAGOMMA (1),0.03,0.0,0.1
EPIS & C. S.R.L.,0.03,0.0,0.1
SYSTEMAIR ITALY S.R.L.,0.03,0.0,0.1
ELCAM -S.R.L.,0.03,0.0,0.1
BIG S.R.L.,0.03,0.0,0.1
T.S.A. S.R.L.,0.03,0.0,0.09
AMBROGIO MORO S.P.A. **,0.03,0.0,0.09
FINE FOOD GROUP S.P.A.,0.03,0.0,0.09
MONGUZZI S.R.L.,0.03,0.0,0.09
EG S.P.A.,0.03,0.0,0.09
FILO BIANCO S.R.L.,0.03,0.0,0.09
EDILVIT SRL,0.03,0.0,0.09
COMBUSTIBILI CEREDA S.R.L.,0.03,0.0,0.09
KSA ITALIA SRL,0.03,0.0,0.09
S.I.M.B.A.-S.P.A. COL SOTTOTITOLO SOCIETA' ITALIANA IMPORTAZIONE BANANE E COMMERCIO PRODOTTI OLTREMARE,0.03,0.0,0.09
EFFEBIQUATTRO S.P.A.,0.02,0.0,0.08
RIVOLTA CARMIGNANI S.P.A.,0.02,0.0,0.08
I.M.V. PRESSE S.R.L.,0.02,0.0,0.08
ACINQUE S.P.A.,0.02,0.0,0.08
PELBO S.P.A.,0.02,0.0,0.08
PRYSMIAN CAVI E SISTEMI ITALIA S.R.L.,0.02,0.0,0.08
PRYSMIAN POWERLINK S.R.L.,0.02,0.0,0.08
TERNO SCORREVOLI S.P.A.,0.02,0.0,0.08
RIPRESS S.R.L.,0.02,0.0,0.08
INSIGHT TECHNOLOGY SOLUTIONS S.R.L.,0.02,0.0,0.08
G.M. INTERNATIONAL S.R.L.,0.02,0.0,0.06
INTERNI S.P.A.,0.02,0.0,0.06
COPRIMA S.R.L.,0.02,0.0,0.06
PEPPERL + FUCHS S.R.L.,0.02,0.0,0.06
SACMA LIMBIATE S.P.A.,0.02,0.0,0.06
COOP LOMBARDIA SOCIETA' COOPERATIVA,0.02,0.0,0.06
SG S.P.A.,0.02,0.0,0.06
OMP MECHTRON S.R.L.,0.02,0.0,0.06
IPEA S.R.L.,0.02,0.0,0.06
RESINE ISOLANTI O.DIENA S.R.L,0.02,0.0,0.05
VERZOLLA S.R.L.,0.02,0.0,0.05
B.S.M. SRL,0.02,0.0,0.05
F.LLI VILLA S.R.L.,0.02,0.0,0.05
INTERSTEEL SRL,0.02,0.0,0.05
H.T. HIGH TECHNOLOGY S.R.L.,0.02,0.0,0.05
TECNOLAB S.R.L.,0.02,0.0,0.05
HYDAC S.P.A,0.02,0.0,0.05
ADITINET CONSULTING SPA,0.02,0.0,0.05
CROSS POINT - S.R.L.,0.02,0.0,0.05
ECO STORE SRL,0.02,0.0,0.05
JOHN ZINK HAMWORTHY COMBUSTION S.R.L.,0.02,0.0,0.05
LONGHI S.P.A.,0.02,0.0,0.05
I.P.A.S. INDUSTRIA PRODUZIONI ALIMENTARI E SEMILAVORATI S.R.L.,0.01,0.0,0.04
G. VILLA S.R.L.,0.01,0.0,0.04
GRICAR CHEMICAL S.R.L.,0.01,0.0,0.04
SERVOTECNICA S.P.A.,0.01,0.0,0.04
PERI S.R.L.,0.01,0.0,0.04
INOXIHP S.R.L.,0.01,0.0,0.04
KOLLMORGEN S.R.L.,0.01,0.0,0.04
AVICEL S.R.L.,0.01,0.0,0.04
GAIA S.R.L.,0.01,0.0,0.03
THE LEVEL GROUP S.R.L.,0.01,0.0,0.03
MOONS' INDUSTRIES EUROPE HEAD QUARTER SRL,0.01,0.0,0.03
DELP ITALIA SRL,0.01,0.0,0.03
MODITECH S.R.L.,0.01,0.0,0.03
DONATI S.R.L.,0.01,0.0,0.03
HAFELE ITALIA S.R.L.,0.01,0.0,0.03
VALLMAR S.R.L.,0.01,0.0,0.02
OPIS S.R.L. (1) *,0.0,0.0,0.01
SYSTEMA S.R.L.,0.0,0.0,0.01
AGORA' NETWORK SOCIETA' CONSORTILE A R.L.,0.0,0.0,0.0
APTACA S.P.A.,0.0,0.0,0.0
CAR STUDIO S.R.L.,0.0,0.0,0.0
BRIVIO & VIGANO' LOGISTICS S.R.L.,0.0,0.0,0.0
AZ PNEUMATICA SRL,0.0,0.0,0.0
ABB E-MOBILITY S.P.A.,0.0,0.0,0.0
BRUNO PRESEZZI S.P.A.,0.0,0.0,0.0
CAL S.R.L.,0.0,0.0,0.0
CANALPLAST S.P.A.,0.0,0.0,0.0
TECNOFIRMA SPA,0.0,0.0,0.0
CAUVIN METALS S.R.L.,0.0,0.0,0.0
MAGIC M.P. - S.P.A.,0.0,0.0,0.0
SELI MANUTENZIONI GENERALI S.R.L.,0.0,0.0,0.0
R. & C. TERMOIDRAULICA S.R.L.,0.0,0.0,0.0
NTI-NKE S.P.A.,0.0,0.0,0.0
MULTITEL PAGLIERO S.P.A.,0.0,0.0,0.0
MIRETTI S.R.L.,0.0,0.0,0.0
MERIDIANI S.R.L.,0.0,0.0,0.0
MARTE SPA,0.0,0.0,0.0
LOUIS VUITTON ITALIA S.R.L.,0.0,0.0,0.0
CENTRO CARAVANS BARASSI S.R.L.,0.0,0.0,0.0
INDUSTRIA BRIANTEA FERRAMENTA MINUTERIE DI FUMAGALLI SRL,0.0,0.0,0.0
IMPRESA EDILE MARIANI S.R.L.,0.0,0.0,0.0
GIORGIO COLLECTION S.R.L.,0.0,0.0,0.0
FRASCOLLA S.R.L.,0.0,0.0,0.0
ECOLAB HOLDING ITALY S.R.L.,0.0,0.0,0.0
COSMO HOTEL S.P.A.,0.0,0.0,0.0
CERAMICHE FRATTINI SRL,0.0,0.0,0.0
HOSES TECHNOLOGY S.P.A.,0.0,0.0,0.0
