name,total_words,score,ESG,GENDER EQUALITY,VOLLEYBALL
"IN SPORT S.R.L. SOCIETA' SPORTIVA DILETTANTISTICA IN BREVE DENO MINATA IN SPORT S.R.L. S.S.D.",4275,9.25,96,56,1249
SAGAM S.P.A.,8378,6.37,12,0,1775
F.LLI MONTORFANO S.R.L.,2603,5.25,33,0,445
DECATHLON ITALIA S.R.L.,9782,5.2,133,0,1652
RHENUS AIR & OCEAN SRL,5434,4.29,97,18,732
ARIENTI AUTOGRU' S.R.L.,1270,4.13,0,0,175
ALDIERI AUTOTRASPORTI S.P.A.,2551,4.11,104,0,315
FAI SERVICE SOCIETA' COOPERATIVA,5730,3.93,18,0,745
TATUUS RACING S.P.A.,7601,3.78,12,10,948
RHENUS LOGISTICS S.P.A.,5957,3.55,111,57,630
AXSE SRL,1501,3.52,0,0,176
SNAITECH S.P.A.,6831,3.49,354,108,605
RAIL CARGO CARRIER - ITALY S.R.L.,4580,3.49,154,0,482
RAIL CARGO LOGISTICS - ITALY S.R.L.,4299,3.48,142,0,451
SENNDER ITALIA S.R.L.,4951,3.47,333,126,377
STILSCREEN - S.R.L.,4527,3.28,145,0,447
NAMEDSPORT S.R.L.,24938,3.23,60,0,2664
DECATHLON PRODUZIONE ITALIA S.R.L.,6838,3.18,64,0,704
GREENCHEMICALS S.R.L.,3218,3.12,945,30,0
SETOA ITALIA S.P.A.,2840,3.0,43,0,270
SAIF S.P.A.,859,2.77,127,0,37
SKY ITALIA - S.R.L.,17924,2.74,49,18,1608
QVC ITALIA S.R.L.,1551,2.71,18,0,134
CONSORZIO DESIO-BRIANZA,4424,2.7,66,208,238
SOCIOSFERA ONLUS SOCIETA' COOPERATIVA SOCIALE,5256,2.68,414,384,76
COOPERATIVA SOCIALE AERIS A R.L.,4463,2.68,531,180,102
CEVA LOGISTICS ITALIA S.R.L.,5554,2.66,113,27,436
PROJECT AUTOMATION S.P.A.,3910,2.5,176,19,255
SHELL ENERGY ITALIA S.R.L.,31,2.5,8,0,0
TERMINALE GNL ADRIATICO SOCIETA' A RESPONSABILITA' LIMITATA IN FORMA ABBREVIATA TERMINALE GNL ADRIATICO S.R.L.,2232,2.49,252,0,101
AZIENDA TRASPORTI MILANESI S.P.A. IN FORMA ABBREVIATA A.T.M. S .P.A.,3448,2.49,47,0,271
GENCOS110 S.P.A.,5812,2.47,736,306,30
OFFERTA SOCIALE AZIENDA SPECIALE CONSORTILE,2618,2.45,276,54,86
NLINE SHIPPING SRL,3896,2.42,38,0,302
SAINT-GOBAIN ITALIA S.P.A.,2685,2.41,262,72,80
CFG OVERSEAS SRL,3543,2.36,21,40,245
PHARDIS S.R.L.,714,2.35,0,0,56
SIEMENS ENERGY S.R.L.,1775,2.31,260,9,44
LGD SOCIETA' COOPERATIVA,2838,2.31,67,0,196
GEODIS FF ITALIA S.P.A.,2494,2.29,97,0,158
MAISONS DU MONDE ITALIE S.R.L.,653,2.29,18,0,44
F.S.A. S.R.L.,2417,2.25,21,0,174
ROYAL GREENLAND ITALIA SOCIETA' PER AZIONI,13843,2.23,3086,0,0
MULTILOGISTICS S.P.A.,3913,2.21,24,0,280
LOMBARDA MOTORI S.P.A.,6173,2.18,48,0,432
MALBERTI HOLDING S.P.A.,2208,2.18,113,27,105
DNV BUSINESS ASSURANCE ITALY S.R.L.,4816,2.16,219,356,36
FIBERCOP S.P.A.,2886,2.13,160,46,121
SALMOIRAGHI S.P.A.,5854,2.1,358,0,290
MONDADORI LIBRI S.P.A.,9708,2.04,966,403,68
B. & V. HOLDING S.P.A.,1134,2.04,21,0,70
SCHENKER ITALIANA SPA,9051,2.04,388,108,415
RAVAGRICOLA S.P.A.,2425,1.99,113,27,105
G. CARRAI & C. S.R.L.,1415,1.97,21,0,86
MERCITALIA INTERMODAL S.P.A.,5447,1.96,289,0,259
HP23 S.R.L.,3620,1.91,165,0,175
STOCK HOUSE ITALIA LOGISTIC - SRL,1602,1.89,21,0,94
RENEWABLE DISPATCHING S.R.L.,2611,1.88,468,0,8
ENEGREEN S.P.A.,4875,1.84,736,0,54
ENI PLENITUDE S.P.A. SOCIETA' BENEFIT,6825,1.84,657,36,175
CO.GE.FIN. S.P.A.,2693,1.82,132,0,119
IRIDEOS S.P.A.,919,1.79,12,0,51
CHEMOURS ITALY S.R.L.,5738,1.79,576,0,150
BOEHRINGER INGELHEIM ITALIA - S.P.A.,1159,1.78,12,0,65
COTY ITALIA S.R.L.,1561,1.75,79,0,65
KUEHNE + NAGEL S.R.L.,5578,1.75,137,0,280
FRESH WAYS S.R.L.,2465,1.75,0,0,144
I.M.P. INDUSTRIA METALLI PRESSOFUSI SRL,2621,1.75,144,0,105
VIO & C. S.R.L.,1559,1.74,7,0,88
VENTANA SERRA S.P.A.,7599,1.74,95,20,397
MARELLI EUROPE S.P.A.,4705,1.73,191,0,208
SNAM S.P.A.,9819,1.7,567,54,333
MM S.P.A.,3202,1.7,203,0,114
SIRAM S.P.A.,6765,1.7,542,292,8
NAMED S.R.L. **,11530,1.69,102,20,603
DNV MARITIME ITALY S.R.L.,3651,1.68,324,90,36
JUNGHEINRICH ITALIANA SRL,3525,1.68,113,0,160
"PRIME GREEN SOLUTIONS BENEFIT S.P.A. O IN FORMA ABBREVIATA ""PRIME GREEN SOLUTIONS S.P.A. SB""",6562,1.68,685,0,140
"""PERNOD RICARD ITALIA S.P.A."" O, PIU' BREVEMENTE, ""PRI S.P.A."" NONCHE' ""PR ITALIA S.P.A.""",4206,1.67,167,27,161
MANIFATTURA MARIO COLOMBO & C. S.P.A.,5420,1.66,36,20,274
COLUMBUS SRL,6565,1.66,560,0,176
MONDADORI RETAIL S.P.A.,7378,1.65,596,257,35
GRUPPO COLZANI S.R.L.,5235,1.65,24,0,280
EVOLVE S.P.A.,3414,1.64,496,0,21
AIR LIQUIDE ITALIA PRODUZIONE SRL,7024,1.63,328,78,220
GXO LOGISTICS ITALY S.P.A.,7694,1.62,183,27,336
IM BIOFUEL ITALY S.R.L.,3105,1.62,133,27,105
A.C. MONZA S.P.A.,33825,1.61,186,20,1744
EARTH ENERGY S.R.L.,3238,1.61,153,27,105
ACCIAIERIA ARVEDI S.P.A.,5008,1.58,515,0,92
J.A.S. JET AIR SERVICE SPA,4775,1.57,109,0,214
MOSCA MOTORI S.R.L.,1538,1.56,6,0,78
DOUGLAS ITALIA S.P.A.,8779,1.56,157,382,150
REPOWER ITALIA S.P.A.,2680,1.56,211,9,63
DS SMITH HOLDING ITALIA S.P.A.,4957,1.56,553,64,31
"""ITALCEMENTI"" FABBRICHE RIUNITE CEMENTO - SOCIETA' PER AZIONI - BERGAMO IN FORMA ABBREVIATA ITALCEMENTI S.P.A.",4223,1.55,241,27,120
ENISERVIZI S.P.A.,10684,1.55,1090,91,129
GETOIL S.R.L.,868,1.54,38,0,32
EASTMAN ITALIA S.R.L.,4566,1.54,383,81,53
EVOLVERE S.P.A. SOCIETA' BENEFIT,7210,1.53,820,36,70
LA NETTATUTTO S.R.L.,2300,1.53,21,0,110
KONE S.P.A.,6220,1.53,347,183,80
ADIDAS ITALY S.P.A.,2157,1.53,27,0,101
ENIPOWER SPA,6131,1.52,640,45,67
VAILOG S.R.L.,7014,1.51,197,131,199
KIA ITALIA S.R.L.,7281,1.51,184,0,304
ARCO SPEDIZIONI S.P.A.,3988,1.51,57,0,182
ENIPOWER MANTOVA S.P.A.,5513,1.51,563,45,59
OPELLA HEALTHCARE ITALY SRL O OPELLA HEALTHCARE ITALY SRL SOCIETA' BENEFIT,4443,1.51,250,144,45
ALVECO S.R.L.,1951,1.5,250,0,14
"""ANHEUSER - BUSCH INBEV ITALIA SPA"" OVVERO IN FORMA ABBREVIATA ""AB INBEV ITALIA SPA""",11860,1.49,476,27,413
CONTINENTAL ITALIA S.P.A. PNEUMATICI PRODOTTI DI GOMMA E PLASTICI,6091,1.48,77,0,275
NESTLE' ITALIANA S.P.A. IN FORMA ABBREVIATA NE.IT. S.P.A.,7766,1.48,319,216,133
VEOS S.P.A. **,12747,1.47,147,0,576
ADAMANT BIONRG S.R.L.,7642,1.47,477,27,197
MEDIAMARKET SPA,4089,1.46,61,0,179
BRACCO IMAGING S.P.A.,4820,1.46,438,90,28
LA MERIDIANA SOCIETA' COOPERATIVA SOCIALE,3123,1.46,408,0,16
TROCELLEN ITALIA S.P.A.,5037,1.45,201,0,176
"CONSORZIO COMUNITA' BRIANZA SOCIETA' COOPERATIVA SOCIALE - IMPRES A
SOCIALE",5072,1.44,552,64,16
DUSSMANN SERVICE S.R.L.,5479,1.44,290,148,68
DANONE NUTRICIA SPA SOCIETA' BENEFIT IN FORMA ABBREVIATA D.N. SPA O DANONE N. SPA S. BENEFIT,1798,1.42,141,36,14
"PRENATAL RETAIL GROUP S.P.A. OVVERO, IN ABBREVIATO, PNT RETAIL GR OUP S.P.A. O PRG S.P.A.",2236,1.42,158,38,28
STOCCAGGI GAS ITALIA SPA O IN FORMA ABBREVIATA STOGIT SPA,5936,1.41,85,18,238
ASC SOCIETA' A RESPONSABILITA' LIMITATA IN BREVE ASC S.R.L.,4554,1.41,222,0,140
"PARMALAT S.P.A. IN FORMA ABBREVIATA ""PLT S.P.A.""",4426,1.41,127,27,147
EXENTIAL CONSULTING S.R.L.,3586,1.41,126,0,126
BRANDART S.P.A.,7233,1.41,483,175,63
TRANS TUNISIAN PIPELINE COMPANY S.P.A.,4156,1.4,76,0,168
BIREL ART S.R.L.,6537,1.4,30,0,296
RIVA LOGISTIC & SERVICE S.R.L.,5024,1.4,40,0,222
CAP HOLDING S.P.A.,3266,1.39,239,0,72
ABBOTT MEDICAL ITALIA S.R.L.,2919,1.38,48,157,14
ABB S.P.A.,2053,1.38,38,0,82
PIRELLI TYRE SPA,11667,1.37,181,0,474
SANOFI S.R.L.,5256,1.37,246,81,104
ADVIPLAST S.P.A.,4320,1.36,514,0,24
A2A ENERGIA S.P.A.,2197,1.35,117,0,60
ARKEMA S.R.L.,4705,1.34,231,37,109
PAGG ASPOCK S.R.L.,3630,1.34,92,27,113
ROLEX ITALIA S.P.A. IN BREVE ROL.IT. S.P.A.,4185,1.33,129,0,143
POMELLATO S.P.A.,6236,1.32,158,210,82
CP COLOMBO SRL,3199,1.31,185,0,78
STUCCHI SERVIZI ECOLOGICI SRL,3197,1.3,104,0,104
ISTITUTI CLINICI ZUCCHI S.P.A.,6842,1.3,18,153,189
"EGIDIO GALBANI SOCIETA' A RESPONSABILITA' LIMITATA IN BREVE ""EGIDIO GALBANI S.R.L."" O ""E.GA. S.R.L.""",5016,1.29,133,27,154
DP DENT S.R.L.,15502,1.28,1683,0,98
"NESTLE' PURINA COMMERCIALE S.R.L. IN FORMA ABBREVIATA ""PUR.IT S.R.L.""",8807,1.27,339,0,259
GEZE ITALIA S.R.L.,11871,1.27,655,0,283
BOXLINE UNITED CARGO LINK S.R.L.,4115,1.27,42,0,160
GAS SALES S.R.L.,8669,1.26,238,0,285
"SNAM RETE GAS S.P.A. O, IN FORMA ABBREVIATA SNAM RG S.P.A.",3817,1.26,63,0,139
VAMP TECHNOLOGIES S.P.A.,1977,1.26,63,0,62
MARELLI SUSPENSION SYSTEMS ITALY S.P.A.,5618,1.26,160,0,182
FALCK NEXT ENERGY S.R.L.,6253,1.26,687,29,15
CANALI HOLDING SOCIETA' PER AZIONI,2113,1.25,39,0,75
SPIRAX - SARCO S.R.L. *,3124,1.25,162,114,0
AB.M MILANO S.R.L.,4516,1.25,173,27,113
FRIGERIO VIAGGI SRL,6860,1.24,44,0,268
TOTALENERGIES MARKETING ITALIA S.P.A.,6110,1.23,315,38,120
JT INTERNATIONAL ITALIA S.R.L.,6630,1.22,245,224,38
WEBHELP ENTERPRISE SALES SOLUTIONS ITALY S.R.L.,1619,1.22,47,0,50
BRUGOLA COMMERCIALE SPA,5480,1.22,228,20,133
AIR LIQUIDE ITALIA SERVICE S.R.L.,5208,1.21,211,58,101
BOLLORE' LOGISTICS ITALY S.P.A.,2108,1.21,21,0,78
ATLANTIC INTEGRATED FREIGHT S.R.L.,3788,1.21,81,0,126
NOKIA SOLUTIONS AND NETWORKS ITALIA S.P.A. IN FORMA ABBREVIATA NSN ITALIA S.P.A.,5242,1.21,211,0,142
ALPIQ ENERGIA ITALIA S.P.A.,7619,1.21,439,0,162
SIBELCO ITALIA - SOCIETA' PER AZIONI,2470,1.2,92,45,38
SASOL ITALY S.P.A.,7531,1.2,668,18,67
JOHN DEERE ITALIANA S.R.L.,4941,1.2,166,36,119
SIEMENS S.P.A.,6295,1.2,169,10,189
EDISON NEXT GOVERNMENT S.R.L.,15211,1.19,1253,126,102
SORGENIA POWER S.P.A.,11806,1.19,903,95,103
EDENRED ITALIA S.R.L.,2669,1.19,150,0,56
ERICA SRL,4203,1.18,89,0,135
SORGENIA S.P.A.,12244,1.18,901,95,120
THE BOSTON CONSULTING GROUP S.R.L.,9513,1.17,308,210,128
CARGILL S.R.L.,2277,1.17,30,18,67
GOLDEN GOOSE S.P.A.,9060,1.17,120,210,174
H & M HENNES & MAURITZ S.R.L.,4563,1.17,126,84,80
ALPHA TRADING S.P.A.,2409,1.17,157,0,42
BUSINESS INTEGRATION PARTNERS S.P.A.,3838,1.17,101,82,61
YOU LOG S.P.A.,14730,1.16,339,10,450
GI GROUP S.P.A.,5187,1.16,79,147,76
YAMAHA MOTOR RACING S.R.L.,1863,1.16,48,0,56
MONT-ELE SRL,2451,1.16,57,18,64
MULTIMEDICA S.P.A.,6797,1.15,6,116,181
MA.SI GROUP S.R.L.,4587,1.15,171,0,119
EDIM S.P.A.,5073,1.15,379,65,24
A2A ENERGIEFUTURE S.P.A.,4544,1.15,210,0,104
MASCHERONI S.R.L.,5624,1.15,36,0,204
SUN CHEMICAL GROUP S.P.A.,3523,1.14,303,18,21
WOLTERS KLUWER ITALIA S.R.L.,13120,1.14,995,72,119
ASC S.R.L.,3913,1.14,48,0,133
MARTEC MARINE S.P.A.,1837,1.13,21,0,62
MILANO SERRAVALLE - MILANO TANGENZIALI S.P.A.,7615,1.13,74,0,262
KSB ITALIA S.P.A.,4938,1.13,188,0,124
DELL'ORTO S.P.A.,8537,1.13,139,0,276
GELSIA S.R.L.,8028,1.13,235,0,223
SOCIETA' PER AZIONI ESERCIZI AEROPORTUALI S.E.A.,9575,1.13,431,100,150
TAO AMBIENTE S.R.L.,3847,1.13,81,0,118
MARIANI AUTO SRL,6051,1.12,40,18,201
CEREDA AMBROGIO S.R.L.,2440,1.12,43,0,77
PREGIS S.P.A.,5637,1.12,434,28,47
C.O.I.M. S.P.A. - CHIMICA ORGANICA INDUSTRIALE MILANESE,3808,1.12,221,0,68
ARGOS S.P.A.,6932,1.11,158,0,205
WOOD ITALIANA S.R.L.,2361,1.11,166,27,14
SEAWAY S.R.L.,1747,1.1,0,0,64
YAMAHA MOTOR R&D EUROPE S.R.L.,1468,1.1,42,0,40
GELSIA AMBIENTE S.R.L.,6096,1.09,54,0,204
SOCIETA' ITALIANA ACCIAI TUBI SIAT SOCIETA' PER AZIONI CON SIGLA SIAT SPA,4897,1.09,163,27,105
CONSORZIO X-RESPONSE,2330,1.09,92,0,54
SAIPEM S.P.A.,12067,1.08,690,90,145
VOLVO GROUP ITALIA S.P.A.,1790,1.08,34,0,53
GRUPPO SAPIO (1),9005,1.08,391,118,115
"ALIMENTARIA VALDINIEVOLE S.P.A. PIU' BREVEMENTE INDICATA COME: ""ALIVAL S.P.A.""",4804,1.08,141,0,126
SEA S.P.A.,8396,1.08,418,200,30
"EY S.P.A., PER ESTESO ANCHE ERNST & YOUNG S.P.A.",10483,1.08,399,150,146
BENCINI CESARE S.R.L.,1951,1.07,49,0,53
CALCESTRUZZI S.P.A.,4062,1.07,233,0,67
EPTA S.P.A.,7886,1.07,392,144,55
TESI S.P.A.,4499,1.06,116,0,120
FIERA MILANO S.P.A.,7796,1.06,220,0,202
FSI S.R.L.,4413,1.06,189,0,93
DELICATESSE SPA,5356,1.06,282,0,95
ENI ANGOLA S.P.A.,10099,1.06,747,122,28
TOTALENERGIES EP ITALIA S.P.A.,3870,1.05,221,9,56
OPTIMUM MEDIA DIRECTION S.R.L. IN BREVE OMD S.R.L.,5429,1.05,131,0,147
CSEL CONSORZIO - SOCIETA' COOPERATIVA SOCIALE,4891,1.05,453,0,21
G.A.I.A. HOLDING S.R.L.,6033,1.05,195,0,147
EUSIDER S.P.A.,6413,1.05,186,94,100
EUROFLORA SRL,2462,1.05,0,0,86
AUTOLOCATELLI S.R.L.,9106,1.04,48,0,300
L'OREAL ITALIA S.P.A.,9369,1.04,302,270,45
A2A GENCOGAS S.P.A.,4998,1.04,147,0,125
"""REPOWER VENDITA ITALIA S.P.A."" - IN FORMA ABBREVIATA ""REPOWER S.P.A.""",6114,1.04,195,0,147
BETA UTENSILI S.P.A.,5745,1.03,39,0,185
MULTIVENDOR SERVICE S.R.L. (1),6640,1.03,30,304,16
RAUCH ITALIA SRL,1891,1.02,49,0,48
COLUSSI S.P.A.,2781,1.02,174,0,37
WANHUA BORSODCHEM ITALIA SRL,3869,1.01,326,0,22
BRIANZA PLASTICA SPA,1648,1.01,118,0,16
GALFIN S.R.L.,1158,1.01,33,0,28
SALCHI METALCOAT S.R.L.,3650,1.01,211,58,14
OPENJOBMETIS SPA AGENZIA PER IL LAVORO,4606,1.0,128,36,87
DHL GLOBAL FORWARDING (ITALY) S.P.A.,869,1.0,21,0,22
"CONNECT CHEMICALS ITALIA SRL O, IN BREVE CCI SRL",5800,0.99,198,0,126
OREC NETWORK SOCIETA' CONSORTILE A R.L.,6108,0.99,183,0,140
DELL ORTO GIAN PAOLO S.P.A.,4838,0.99,81,0,133
A2A AIRPORT ENERGY S.P.A.,5958,0.99,311,0,93
MAURI BUS SYSTEM SRL,4552,0.99,21,0,144
MONCLER S.P.A.,10378,0.98,585,108,73
SABIC ITALIA S.R.L.,4659,0.98,107,0,117
SORGENIA PUGLIA S.P.A.,8665,0.98,544,20,87
T.W.S. EXPRESS COURIER S.R.L.,5450,0.98,6,0,176
"GLAXOSMITHKLINE CONSUMER HEALTHCARE S.R.L. IN BREVE ""GLAXOSMITHKLINE CH S.R.L."", ""GSK CONSUMER HEALTHCARE S.R.L."", ""GSK CH S.R.L.""",10533,0.98,294,0,245
EURONICS ITALIA S.P.A.,11906,0.98,130,0,347
BASELL POLIOLEFINE ITALIA S.R.L.,3017,0.96,204,0,29
SORGENIA TRADING S.P.A.,10808,0.96,717,20,94
GAZPROM ITALIA S.P.A.,7224,0.96,53,10,206
SALMOIRAGHI & VIGANO' S.P.A. E - IN FORMA ABBREVIATA - S&V S.P.A.,1218,0.96,33,0,28
MARELLI SALVATORE S.R.L.,3148,0.96,27,0,92
DSV S.P.A.,19563,0.96,299,0,528
BIMAN S.R.L.,1216,0.96,33,0,28
CEM AMBIENTE S.P.A.,3484,0.96,122,0,71
EY ADVISORY S.P.A.,11974,0.96,684,167,43
SAPIO PRODUZIONE IDROGENO OSSIGENO SRL,6701,0.95,395,18,68
BUTAN GAS SPA,4920,0.95,208,0,86
MET ENERGIA ITALIA S.P.A.,9427,0.95,475,0,141
MARTEC S.P.A.,2737,0.95,30,0,77
RENO DE MEDICI SPA,6047,0.95,299,0,92
HONEYWELL S.R.L.,3441,0.94,12,0,104
BRIANZACQUE S.R.L.,23329,0.93,478,0,563
SOLVAY ENERGY SERVICES ITALIA S.R.L.IN FORMA ABBREVIATA SES ITALI A SRL,3268,0.93,165,36,22
NICE S.R.L. MANIFATTURA TESSILE,3718,0.93,35,0,104
TETRA PAK FOOD ENGINEERING S.P.A.,6909,0.92,591,0,14
FRATELLI GIACOMEL S.P.A.,5136,0.92,22,0,151
MEREGALLI IMPIANTI TERMOTECNICI S.R.L.,1328,0.92,50,0,24
EXPEDITORS INTERNATIONAL ITALIA S.R.L.,6303,0.92,81,0,166
EMERSON PROCESS MANAGEMENT S.R.L.,7865,0.92,429,126,14
BOSCH REXROTH S.P.A.,3143,0.92,39,0,83
TECNIMONT S.P.A.,1914,0.92,65,0,37
WUERTH ELEKTRONIK ITALIA S.R.L.,7800,0.91,274,0,144
OSPEDALE GALEAZZI S.P.A.,5344,0.91,22,0,155
GS SPA,6023,0.91,65,10,155
CAB SRL,6230,0.91,0,0,188
TENOVA S.P.A.,7883,0.91,719,0,0
EURO-TRADE SPA,6796,0.9,195,0,140
COMPAGNIA ITALIANA FORME ACCIAIO S.P.A. NELLA FORMA ESTESA E CIFA S.P.A. NELLA FORMA ABBREVIATA,5733,0.9,191,0,108
CBS LAVORO S.P.A.,4200,0.9,58,18,94
FINCONS S.P.A.,5116,0.9,126,48,80
SCHINDLER - SOCIETA' PER AZIONI,10890,0.9,229,36,226
2I RETE GAS S.P.A.,5436,0.89,145,0,113
KROLL ADVISORY HOLDING S.P.A.,4717,0.89,379,0,14
PHILIP MORRIS MANUFACTURING & TECHNOLOGY BOLOGNA S.P.A,6797,0.89,285,82,53
"""COVISIAN SOCIETA' PER AZIONI"" O, IN FORMA ABBREVIATA ""COVISIAN S.P.A.""",7033,0.89,183,0,147
EGIMOTORS S.R.L.,1616,0.89,0,0,48
RIZZOLI CORRIERE DELLA SERA MEDIAGROUP SPA O IN FORMA ABBREVIATA RCS MEDIAGROUP SPA O RCS S.P.A.,14854,0.89,388,0,310
ARCO LOGISTICA S.R.L.,3701,0.88,60,0,88
SMURFIT KAPPA ITALIA S.P.A.,21087,0.88,902,406,47
OUTOKUMPU S.R.L.,18889,0.88,1039,18,197
PRELIOS CREDIT SOLUTIONS S.P.A.,7497,0.88,595,0,21
MICRON SEMICONDUCTOR ITALIA S.R.L.,9634,0.88,248,214,58
EDISON ENERGIA S.P.A.,15467,0.88,889,108,84
WHIRLPOOL MANAGEMENT EMEA SRL,7246,0.87,105,18,164
APERAM STAINLESS SERVICES & SOLUTIONS ITALY SRL,7097,0.87,326,54,62
ELIOR RISTORAZIONE S.P.A.,5120,0.87,103,85,58
KNORR-BREMSE SISTEMI PER AUTOVEICOLI COMMERCIALI S.P.A.,1592,0.87,33,0,35
MONDELEZ ITALIA S.R.L.,5746,0.86,246,45,52
BRENNTAG SPA,4046,0.86,243,0,35
SIDAS S.P.A. SOCIETA' ITALIANA DISTRIBUZIONE ARTICOLI SPORTIVI **,10494,0.86,59,0,280
PLATINO SRL,2850,0.86,27,0,73
HYDRO EXTRUSION ITALY S.R.L.,18485,0.85,1030,144,83
SOLVAY SPECIALTY POLYMERS ITALY S.P.A.,8666,0.85,375,72,74
COMAP S.R.L.,964,0.85,10,0,24
RISTOSERVICE S.R.L.,2822,0.85,102,0,46
VERSALIS S.P.A.,6260,0.85,254,18,81
ZAMBON S.P.A.,4456,0.85,53,108,37
DIFARCO S.R.L.,6488,0.85,38,0,172
CERVED GROUP S.P.A.,4513,0.84,269,0,37
ADI ENERGIA S.R.L.,5714,0.84,78,0,134
"PANDORA ITALIA SOCIETA' A RESPONSABILITA' LIMITATA IN BREVE ""PANDORA ITALIA S.R.L.""",2600,0.83,91,0,42
SPIN SPA,3523,0.83,123,18,45
BASF COATINGS SERVICES ITALY S.R.L.,4011,0.83,183,54,14
INTESA SANPAOLO RENT FORYOU S.P.A.,4582,0.83,130,0,84
"CCS JV S.C.A R.L. O, IN FORMA ABBREVIATA CCS S.C.A R.L.",3570,0.83,65,0,77
STENA METALL HOLDING S.R.L.,5165,0.83,428,0,0
SOLAREDGE TECHNOLOGIES ITALY S.R.L.,3750,0.83,199,0,38
ENGIE ITALIA SPA,7355,0.83,425,0,61
SOLVAY SOLUTIONS ITALIA S.P.A.,6838,0.82,240,36,82
ITALIA MARKET S.R.L.,2807,0.82,41,0,63
LVMH PROFUMI E COSMETICI ITALIA S.R.L.,882,0.82,30,0,14
CHG-MERIDIAN ITALIA SPA,6742,0.82,327,70,28
SMURFIT KAPPA CARTIERA DI VERZUOLO S.R.L.,22597,0.82,935,378,57
WEBUILD ITALIA SPA,4094,0.82,56,10,86
NESPRESSO ITALIANA S.P.A. - SOCIETA' BENEFIT,10990,0.81,598,66,53
OLTREFRONTIERA PROGETTI S.R.L.,3378,0.81,40,0,78
BOSTON SCIENTIFIC SPA,3840,0.81,94,87,14
E.P.CART S.R.L.,1747,0.81,51,0,30
ISTITUTO EUROPEO DI ONCOLOGIA SRL,7676,0.81,55,70,143
SPECIAL FLANGES SOCIETA' PER AZIONI **,2590,0.81,187,0,8
SACCARTA SPA,1606,0.81,43,0,29
EDENRED UTA MOBILITY SRL,3632,0.81,96,0,66
ATOS ITALIA S.P.A.,8050,0.81,177,0,158
SANGECO SOCIETA' CONSORTILE A R.L.,2728,0.81,32,0,63
CENTREX ITALIA S.P.A.,2809,0.81,109,0,40
BSH ELETTRODOMESTICI S.P.A.,5236,0.8,115,64,59
ITALMATCH CHEMICALS S.P.A.,6884,0.8,389,9,47
RECLEAN SOCIETA' COOPERATIVA,3986,0.8,105,38,46
STANLEY BLACK & DECKER ITALIA S.R.L.,1381,0.8,27,0,28
SYSTEM ENGINEERING SOLUTIONS S.R.L.,3011,0.8,42,78,14
OFF-WHITE OPERATING S.R.L,3434,0.8,33,0,81
ELSTER S.R.L.,2146,0.79,31,0,46
ACCIAIERIE D'ITALIA S.P.A.,12405,0.79,250,10,235
EDISON RINNOVABILI S.P.A.,20844,0.79,931,108,164
KELLOGG ITALIA SPA,5253,0.79,103,10,98
PELLEGRINI S.P.A.,3546,0.79,145,67,0
GRENKE LOCAZIONE S.R.L.,8588,0.79,247,144,49
S.A.P. ITALIA SISTEMI APPLICAZIONI PRODOTTI IN DATA PROCESSING S.P.A.,1638,0.79,45,0,28
GAVIOTA SIMBAC S.P.A.,4997,0.79,130,133,0
HANKOOK TIRE ITALIA S.R.L.,2750,0.79,62,0,52
PUBLITALIA 80 CONCESSIONARIA PUBBLICITA S.P.A. E IN FORMA ABBREVIATA PUBLITALIA 80 S.P.A.,7101,0.78,48,0,168
COCA-COLA HBC ITALIA S.R.L.,2350,0.78,27,0,52
GILEAD SCIENCES S.R.L.,6587,0.78,196,72,58
CARTONGRAF 1890 S.R.L.,2681,0.78,75,0,45
HEIDRUN EUROPLASTIC SRL,2998,0.78,55,0,60
EDISON S.P.A.,16994,0.78,704,72,157
AMIACQUE SRL,1480,0.78,49,0,22
TRENORD S.R.L.,20364,0.78,355,0,414
F.LLI MOLTENI S.P.A.,4330,0.78,33,0,102
CHRISTIAN DIOR ITALIA S.R.L.,934,0.77,30,0,14
ELETTRONICA INDUSTRIALE SPA,7073,0.77,134,0,138
BUILDING DIVISION S.R.L.,3219,0.77,27,10,67
DISCOVERY ITALIA S.R.L.,14864,0.77,114,0,344
NICHEL LEGHE SPA,1826,0.77,27,0,38
GALLIZO ITALIA S.R.L.,1889,0.77,50,0,32
VOLVO GROUP RETAIL ITALIA S.R.L.,7201,0.76,34,0,170
PARTECIPAZIONI SOCIETA' ALIMENTARI S.R.L. O PIU' BREVEMENTE PARTESA S.R.L.,2697,0.76,79,0,42
MICROSOFT S.R.L.,6452,0.76,309,18,49
LA.M.PLAST DI ALDO REDAELLI & C SRL,1348,0.76,61,0,14
COMMUNICATION VIDEO ENGINEERING S.R.L.,6361,0.76,121,0,120
BAXTER S.R.L.,6076,0.76,246,108,0
BUZZI S.P.A.,3413,0.76,151,0,36
AVIENT COLORANTS ITALY S.R.L.,9317,0.75,452,93,21
SET S.P.A.,9761,0.75,578,45,23
WOODTECH ITALIA S.R.L.,1696,0.75,104,0,8
AMAZON ONLINE ITALY S.R.L.,10816,0.75,145,0,222
BEIERSDORF S.P.A.,5037,0.75,130,59,44
PIAZZA ITALIA S.P.A.,5865,0.75,57,20,115
EUROTUBI EUROPA SRL,4955,0.75,163,0,69
EUROTRANCIATURA S.P.A.,2979,0.75,112,0,37
CISCO SYSTEMS (ITALY) S.R.L.,7140,0.75,102,10,137
NOKIA SOLUTIONS AND NETWORKS ITALIA S.P.A.,4666,0.75,63,18,83
ATALA S.P.A.,3669,0.75,116,0,53
POLICLINICO SAN DONATO S.P.A.,6252,0.75,42,40,116
WORLD FUEL SERVICES ITALY S.R.L.,1720,0.74,38,0,30
KPMG ADVISORY S.P.A.,4479,0.74,261,36,0
CONSORZIO LOMBARDO PER LA RIQUALIFICAZIONE ENERGETICA,1247,0.74,50,0,14
ALTEN ITALIA S.P.A.,6879,0.74,86,40,114
C.P.C. INOX S.P.A.,4710,0.74,324,0,8
AGENZIA ANTONIO PIROVANO S.R.L.,7181,0.74,72,0,154
ZAPPA S.R.L.,7785,0.74,80,0,166
GE MEDICAL SYSTEMS ITALIA S.P.A,6350,0.74,116,91,58
COCA-COLA ITALIA SRL,2084,0.73,104,0,16
SISAL ENTERTAINMENT S.P.A.,865,0.73,21,0,14
MAKIRA S.R.L.,1469,0.73,24,0,28
NALCO ITALIANA S.R.L.,867,0.73,21,0,14
GRUPPO APROCHIMIDE,8361,0.73,459,19,39
RANDSTAD ITALIA S.P.A.,7304,0.72,145,72,79
I & D S.R.L.,3488,0.72,12,0,80
DHL SUPPLY CHAIN (ITALY) S.P.A.,877,0.72,21,0,14
SEALED AIR S.R.L.,6738,0.72,278,36,45
THE WALT DISNEY COMPANY ITALIA S.R.L.,3355,0.72,42,0,66
F.A.I.R. S.R.L.,4313,0.72,30,0,93
URSA ITALIA S.R.L.,4656,0.72,312,0,8
FRESH TROPICAL SRL BY JAWAD,2927,0.72,0,0,70
CAIRORCS MEDIA S.P.A.,2869,0.72,88,0,40
FOOT LOCKER ITALY SRL,880,0.72,21,0,14
INNOMOTICS SRL,24574,0.71,1080,74,174
HISENSE ITALIA SRL,4821,0.71,125,37,48
GENERTEC ITALIA S.R.L.,2628,0.71,162,0,8
SICAM SOCIETA' ITALIANA COMMERCIO ACCIAI E METALLI S.P.A.,890,0.71,21,0,14
"INFRASTRUTTURE WIRELESS ITALIANE S.P.A. O, IN FORMA ABBREVIATA, INWIT S.P.A.",8516,0.71,318,0,96
EI TOWERS S.P.A.,9081,0.71,95,0,183
CISETTE SOCIETA' CONSORTILE A RESPONSABILITA' LIMITATA,1062,0.71,33,0,14
STILL S.P.A.,7478,0.71,46,0,162
GIANETTI FAD WHEELS S.R.L.,1771,0.71,35,0,30
GIORGIO ARMANI RETAIL S.R.L. IN FORMA ABBREVIATA G.A. RETAIL S.R.L.,2307,0.71,33,0,44
SHELL ITALIA OIL PRODUCTS S.R.L.,898,0.7,21,0,14
ROBERT BOSCH S.P.A.,3527,0.7,198,0,16
PENTA PETROLI SRL,1747,0.7,39,0,28
POSCO INTERNATIONAL ITALIA SRL,903,0.7,21,0,14
KA.BO.FER. SRL,1635,0.7,48,0,22
PILOT ITALIA S.P.A.,5438,0.7,204,68,14
ADECCO ITALIA SPA,5261,0.7,274,47,0
IKEA ITALIA RETAIL S.R.L.,4144,0.69,197,0,29
WIND TRE ITALIA S.P.A.,7922,0.69,212,37,86
FM COMPANY S.R.L.,2155,0.69,64,18,16
JAKALA S.P.A. SOCIETA' BENEFIT,7480,0.69,296,19,60
LANXESS S.R.L.,4753,0.69,231,18,21
SKECHERS USA ITALIA S.R.L.,15050,0.69,21,0,341
PRIMARK ITALY S.R.L.,5824,0.69,203,18,54
TEKMAG S.R.L.,2214,0.69,12,0,47
AON S.P.A. INSURANCE & REINSURANCE BROKERS O IN FORMA ABBREVIATA AON S.P.A.,2874,0.69,115,0,28
CMO GROUP S.R.L.,3983,0.69,274,0,0
FORMENTI & GIOVENZANA S.P.A. (1),2659,0.69,67,0,39
PENNY MARKET S.R.L.,10865,0.68,428,46,74
RECKITT BENCKISER COMMERCIAL (ITALIA) S.R.L.,1746,0.68,56,0,21
INTALS S.P.A.,2899,0.68,79,0,39
PATHEON ITALIA S.P.A.,4735,0.68,83,0,80
SIRTI - SOCIETA' PER AZIONI,9984,0.68,148,84,121
CIP LOMBARDIA SRL,5552,0.68,169,9,63
TOSCA ITALY S.P.A.,4973,0.68,213,30,22
SORBARA AUTO S.R.L.,7892,0.68,26,0,170
DITTA COLOMBO BIAGIO S.R.L.,1667,0.67,21,0,30
ESSEGOMMA - S.P.A.,3238,0.67,62,0,52
WESTCON GROUP ITALIA S.R.L.,4478,0.67,50,0,84
CONFORAMA ITALIA S.P.A.,7171,0.67,79,57,96
CEVA SALUTE ANIMALE S.P.A.,3382,0.67,76,19,38
GRUPPO VRV S.R.L. (2),7454,0.67,238,0,88
E.P.M. S.P.A. **,3416,0.67,159,0,23
MYLAN ITALIA S.R.L.,2766,0.67,18,18,44
BERETTA SRL,5922,0.67,46,0,117
LEADING TECHNOLOGIES S.R.L.,5476,0.67,60,0,103
ESTEE LAUDER S.R.L.,7552,0.67,87,0,140
AMAZON DATA SERVICES ITALY S.R.L.,15576,0.67,216,91,217
AMAZON ITALIA TRANSPORT S.R.L.,7555,0.67,59,46,118
INTERNATIONAL PAPER ITALIA S.R.L.,4704,0.67,280,18,0
WEBUILD S.P.A.,15903,0.66,416,73,162
FIVES ITAS S.P.A.,3811,0.66,252,0,0
PHILIPS S.P.A.,10365,0.66,256,0,142
KURSANA LUNGA VITA SOCIETA' COOPERATIVA SOCIALE - ONLUS,2951,0.66,132,0,21
GEORG FISCHER S.P.A.,8214,0.66,311,10,71
SORIN GROUP ITALIA SRL,3377,0.66,69,0,51
BIOGEN ITALIA S.R.L.,8113,0.66,138,189,7
I.R.L. S.R.L.,2787,0.66,54,0,43
KPMG S.P.A.,3891,0.66,88,28,37
TEVA ITALIA S.R.L.,6037,0.66,191,72,22
BAYWA R.E. ENERGY TRADING S.R.L.,7799,0.66,456,9,14
ENERGYA S.P.A.,5752,0.66,337,0,15
AMPLIFON S.P.A.,7286,0.65,303,18,44
DEVERO GROUP SRL,830,0.65,12,0,14
ACCENTURE S.P.A.,14949,0.65,382,207,58
ELLE EMME LOGISTICA S.P.A.,4415,0.65,147,0,46
O.M.A. S.R.L.,3909,0.65,59,0,65
TURCONI SPA,4339,0.65,71,10,63
OSPEDALE SAN RAFFAELE S.R.L.,6438,0.65,30,29,110
BONETTI S.R.L.,1867,0.64,0,0,40
SMITH & NEPHEW SRL,10795,0.64,175,10,166
TD SYNNEX ITALY S.R.L.,5425,0.64,262,0,28
VIRMA S.P.A.,5034,0.64,168,0,51
G.A. OPERATIONS S.P.A.,4116,0.64,33,0,77
BORGWARNER MORSE SYSTEMS ITALY S.R.L.,8545,0.64,399,19,36
"ITALATTE SOCIETA' A RESPONSABILITA' LIMITATA IN BREVE ""ITALATTE S .R.L.""",2735,0.64,29,0,49
FLAME SPRAY S.P.A.,4460,0.64,98,0,63
RECORDATI INDUSTRIA CHIMICA E FARMACEUTICA S.P.A. IN BREVE RECORDATI S.P.A.,8126,0.64,193,0,110
PONZINI HOLDING S.R.L.,1584,0.63,37,0,21
AMSA AZIENDA MILANESE SERVIZI AMBIENTALI SPA IN FORMA ABBREVIATA AMSA SPA,8421,0.63,235,126,14
LAPP ITALIA S.R.L.,5577,0.63,115,0,78
IL SOLE 24 ORE S.P.A.,16417,0.63,191,104,212
ELESA S.P.A.,16027,0.63,194,0,270
ATAM S.P.A.,5474,0.63,127,0,73
CRS HOME S.R.L.,1832,0.63,26,0,30
ELLEMOTORS S.R.L.,3839,0.63,12,0,77
F R A M S.R.L.,3803,0.63,152,9,23
KCS CAREGIVER COOPERATIVA SOCIALE,1917,0.63,120,0,0
BOLTON MANITOBA S.P.A.,12412,0.63,296,175,44
SAN CARLO GRUPPO ALIMENTARE S.P.A.,3126,0.63,45,0,51
A.E.B. APPARECCHIATURE EROGAZIONE BEVANDE S.R.L.,607,0.62,14,0,8
L.A.I.E.F. S.R.L. LAVORAZIONI ACCIAIO INOX E FERRO S.R.L.,2063,0.62,45,0,28
SODEXO ITALIA S.P.A.,4474,0.62,172,0,35
E.ON BUSINESS SOLUTIONS S.R.L.,1017,0.62,21,0,14
BIOISOTHERM SRL,12452,0.62,587,0,63
RITRAMA S.P.A.,7039,0.62,178,0,87
CAPSOL S.P.A.,4088,0.62,134,0,40
VELCRO ITALIA S.R.L.,5596,0.62,60,72,48
OLON S.P.A.,8989,0.62,307,10,77
CORIONI S.R.L.,2511,0.62,47,18,24
RO + TEN S.R.L.,7567,0.62,49,0,140
BRICOCENTER ITALIA S.R.L.,3920,0.62,92,0,51
ALFA LAVAL SPA,6467,0.62,244,0,53
S.E.A.M. SRL SERVIZI ECOLOGICI AMBIENTALI MISINTO,3652,0.61,40,10,54
INDES IMBALLAGGI SRL,1477,0.61,27,0,21
PILZ ITALIA S.R.L.,18044,0.61,174,0,309
SKILLS IN HEALTHCARE ITALIA S.R.L.,2611,0.61,73,0,29
MIFLEX 2 S.P.A.,2150,0.61,66,0,22
NEOPHARMED GENTILI S.P.A.,6886,0.61,186,118,0
ALI GROUP S.R.L.,9968,0.61,303,0,101
OERLIKON BALZERS COATING ITALY S.P.A.,7005,0.61,192,0,78
CO.MA.CO. 51 S.R.L.,2898,0.61,29,0,49
ESSERENERGIA SPA,6605,0.61,196,9,64
RETITALIA S.P.A.,7577,0.61,15,0,149
J.B. CARS S.R.L.,8832,0.6,66,0,155
VEFER S.P.A.,7400,0.6,443,0,0
"AZIENDA REGIONALE PER L'INNOVAZIONE E GLI ACQUISTI S.P.A., IN BREVE ""ARIA S.P.A.""",2241,0.6,92,0,14
AGRATE MOTORI 2 S.R.L.,2417,0.6,6,0,46
PRADA S.P.A.,4432,0.6,20,56,45
O.M.M. SRL DELL'ING. ROBERTO NATALE MARIANI,1157,0.6,27,0,14
ROTOLITO S.P.A.,3637,0.6,52,0,55
ENI REWIND S.P.A.,5689,0.6,185,10,45
DNP PHOTOMASK EUROPE S.P.A.,3948,0.6,124,0,37
SPEKTRA S.R.L.,6826,0.6,212,0,66
E.ON ENERGIA S.P.A.,4000,0.6,47,0,65
RECKITT BENCKISER HEALTHCARE (ITALIA) S.P.A.,2481,0.59,21,18,30
STAR S.P.A.,3588,0.59,79,19,32
TERNINOX S.P.A.,2708,0.59,139,0,7
CO.PA.DA. S.R.L.,2606,0.59,27,0,42
IMR-INDUSTRIALESUD S.P.A.,1275,0.59,30,0,15
M.E. S.P.A.,3865,0.59,30,10,60
WORTHINGTON S.R.L. (1),3709,0.59,106,0,38
FOODEX S.R.L.,1058,0.59,0,0,21
HERMES ITALIE S.P.A.,2811,0.59,33,0,44
SOLENIS ITALIA S.R.L.,9053,0.59,397,36,21
GIUSEPPE CITTERIO SALUMIFICIO S.P.A. IN BREVE GIUSEPPE CITTERIO S.P.A.,5501,0.59,63,0,88
UNITED PARCEL SERVICE ITALIA SRL,1511,0.59,47,0,14
RIVA ACCIAIO S.P.A.,5084,0.59,75,10,69
EUR - ACCIAI S.P.A.,1123,0.59,45,0,7
"CONSORZIO NAZIONALE PER LA RACCOLTA, IL RICICLO E IL RECUPERO DEGLI IMBALLAGGI IN PLASTICA",6875,0.59,163,9,75
DYSON S.R.L.,3511,0.59,33,0,58
ALTUGLAS S.R.L.,10453,0.58,481,19,29
F.LLI MASCIAGHI S.R.L.,4314,0.58,62,10,56
BUILDING SERVICES BRIANZA SRL,5585,0.58,79,19,69
LASER - SOCIETA' CONSORTILE A RESPONSABILITA' LIMITATA,3591,0.58,83,0,42
TOSHIBA TEC ITALIA IMAGING SYSTEMS S.P.A.,4119,0.58,112,9,37
OFFICINE VICA S.P.A.,3332,0.58,90,40,8
BECKHOFF AUTOMATION S.R.L.,9336,0.58,188,0,117
BAYER S.P.A.,3955,0.58,33,0,66
ARCELORMITTAL COMMERCIAL ITALY SRL,3207,0.57,117,0,22
EIGENMANN & VERONELLI S.P.A.,5874,0.57,174,0,53
RISO SCOTTI S.P.A.,13165,0.57,549,0,66
BKW ITALIA S.P.A.,3069,0.57,87,0,29
SAMSUNG ELECTRONICS ITALIA S.P.A.,27777,0.57,253,90,382
LEGO S.P.A.,14884,0.57,113,0,245
AMGEN S.R.L.,5941,0.57,192,30,28
GNOSIS S.P.A.,8289,0.57,129,139,22
SPREAFICO FRANCESCO E F.LLI S.P.A.,6380,0.57,320,0,15
ENERGEAN ITALY S.P.A.,3142,0.57,179,0,0
P.O.S.A. - S.P.A.,27726,0.57,615,0,320
PEG PEREGO S.P.A.,6157,0.57,31,0,106
METAL WORK HOLDING S.P.A.,4028,0.57,119,0,37
S.C. JOHNSON ITALY S.R.L.,5191,0.57,85,67,25
SANDVIK ITALIA S.P.A.,2084,0.56,116,0,0
RO.LA.FER. S.P.A.,1120,0.56,21,0,14
BRICO IO S.P.A.,9375,0.56,148,20,111
MARS ITALIA S.P.A.,3106,0.56,43,0,44
GIOVANARDI S.P.A.,6309,0.56,264,0,29
EURONET PAY & TRANSACTION SERVICES S.R.L,1876,0.56,21,0,28
CHANEL S.R.L.,8646,0.56,93,40,105
COMPO EXPERT ITALIA S.R.L.,3024,0.56,72,0,32
UNOENERGY SOCIETA' PER AZIONI,5359,0.56,236,0,21
ILIAD ITALIA S.P.A.,15653,0.55,606,0,86
TECNOSTAMP TRIULZI GROUP S.R.L.,3294,0.55,115,0,22
BECKMAN COULTER S.R.L.,3406,0.55,20,18,44
MITSUI E&P ITALIA B S.R.L.,2255,0.55,36,0,29
HELM ITALIA SRL,2457,0.55,21,0,38
VENUS SPA,11701,0.55,176,0,154
CEPAV (CONSORZIO ENI PER L'ALTA VELOCITA')DUE,4964,0.55,70,0,67
CAREMOLI S.P.A.,2149,0.55,47,36,0
IMPRESA SANGALLI GIANCARLO & C. S.R.L.,4447,0.55,21,78,22
FUMAGALLI DANILO S.R.L.,7546,0.55,54,115,43
GIORGIO ARMANI S.P.A.,5257,0.55,50,18,68
VALENTINO S.P.A.,12555,0.54,64,50,171
MANPOWER S.R.L.,4579,0.54,136,10,30
BBB S.P.A.,3498,0.54,22,0,56
SIEMENS HEALTHCARE S.R.L.,5952,0.54,104,10,66
THE JUICE PLUS+ COMPANY SRL,4861,0.54,45,77,21
"""BEKO ITALY S.R.L.""",6740,0.53,132,0,75
PARKER HANNIFIN ITALY S.R.L.,589,0.53,10,0,7
MARCEGAGLIA BUILDTECH S.R.L.,3004,0.53,38,0,40
RECKITT BENCKISER ITALIA SPA,8378,0.53,97,47,83
MIREX SPA,2843,0.53,61,0,30
SALES CONSULTING - SOCIETA' A RESPONSABILITA' LIMITATA,2202,0.53,33,0,28
OMEGA-IFS S.R.L.,2824,0.53,33,38,14
PASTIFICIO CERATI SRL,2995,0.53,117,0,14
WITTMANN BATTENFELD ITALIA SRL,7456,0.53,259,0,45
SANT'ANDREA SOCIETA' COOPERATIVA SOCIALE,6619,0.53,216,0,45
BERTO S.R.L.,4488,0.53,148,0,30
ACCIAI BRIANZA S.P.A.,4992,0.53,153,0,38
BOFFI S.P.A.,6260,0.53,202,0,44
NICKEL AND CO S.R.L.,1646,0.53,45,0,14
MESSAGGERIE LIBRI S.P.A.,5001,0.52,18,20,67
HELUKABEL ITALIA S.R.L.,14603,0.52,186,0,191
STAUBLI ITALIA S.P.A.,4403,0.52,107,0,40
GARNET S.R.L.,3149,0.52,21,0,48
MAPEI S.P.A.,30286,0.52,624,0,316
PRENATAL RETAIL GROUP S.P.A.,8061,0.52,145,95,28
INFORMATION DEVELOPMENT AND AUTOMATION S.R.L.,1925,0.52,41,9,14
"BECTON, DICKINSON ITALIA S.P.A.",5002,0.52,199,0,21
PRENATAL S.P.A.,8036,0.52,145,95,28
WORK GROUP S.R.L.,4015,0.52,97,0,37
ESPRINET S.P.A.,16308,0.52,494,0,118
SIR INDUSTRIALE S.P.A.,4810,0.51,177,0,22
VOLVO CONSTRUCTION EQUIPMENT ITALIA S.P.A.,4799,0.51,178,0,23
JINDAL NYLON FILMS S.R.L. (1),2625,0.51,133,0,0
MIRABELLO CARRARA S.P.A.,4806,0.51,90,0,52
GAMMA CHIMICA S.P.A.,4608,0.51,68,38,31
GOGLIO S.P.A. O IN FORMA ESTESA GOGLIO LUIGI MILANO S.P.A.,7796,0.51,286,0,38
FILMCUTTER ADVANCED MATERIAL S.R.L.,1654,0.51,85,0,0
CAVOTEC SPECIMAS SPA,5146,0.51,153,0,37
HSG S.R.L.,1758,0.51,48,0,14
TCT MOBILE ITALY S.R.L.,1271,0.5,21,0,14
REFECTIO S.R.L.,1434,0.5,72,0,0
ROVAGNATI SPA,7165,0.5,128,0,77
EPIPOLI SPA,5430,0.5,18,0,84
INTERZERO ITALY S.R.L.,17228,0.5,708,10,42
ASTRAZENECA S.P.A.,15965,0.5,182,120,124
POLIFIBRA 2011 S.P.A.,2146,0.5,21,0,29
RIALTO S.P.A.,5552,0.5,39,0,79
SONATRACH RAFFINERIA ITALIANA S.R.L.,5777,0.5,200,0,30
ARTHEA GROUP S.R.L.,2885,0.5,82,0,21
ALL SRL,4468,0.5,33,0,63
FASTWEB SPA,13601,0.5,123,63,142
NH ITALIA S.P.A.,6438,0.5,235,0,30
PROMETEON TYRE GROUP S.R.L IN FORMA ABBREVIATA PTG S.R.L.,4694,0.5,57,9,53
CONTRACT DIVISION S.R.L.,2494,0.5,41,0,28
SODEXO BENEFITS & REWARDS SERVICES ITALIA SRL,5292,0.49,176,0,28
PERFETTI VAN MELLE S.P.A.,3926,0.49,60,0,44
SEPHORA ITALIA S.R.L.,11982,0.49,105,0,161
VIMOTER SPA,2673,0.49,48,0,28
LATTONEDIL S.P.A. MILANO,3393,0.49,102,0,21
SAVE S.P.A.,4636,0.49,66,0,53
AMPLIFON ITALIA S.P.A.,9633,0.49,105,0,121
PREVIERO N. - S.R.L.,3221,0.49,21,0,46
ERRE-CI-A S.P.A.,1757,0.49,21,0,22
METRO ITALIA S.P.A.,3424,0.49,83,0,28
REDMOTO S.R.L.,2545,0.48,99,0,8
CEDACRI S.P.A.,6802,0.48,76,0,83
CANDY S.P.A.,11283,0.48,169,0,125
VAILLANT GROUP ITALIA S.P.A.,3155,0.48,150,0,0
OPEN FIBER S.P.A.,9471,0.48,88,54,87
I.M.P. S.P.A.,5101,0.48,127,0,40
SPEKTRA - AGRI S.R.L.,9790,0.48,302,0,56
IBM ITALIA S.P.A.,10764,0.48,144,46,95
MANUCOR S.P.A.,2912,0.48,140,0,0
PHD S.R.L.,4197,0.48,92,9,31
INTERCOS S.P.A.,5628,0.48,136,0,44
FREUD S.P.A.,3967,0.48,60,30,24
INDUSTRIES S.P.A.,2014,0.48,30,0,22
MOTTA S.R.L.,7132,0.47,24,0,103
OCV ITALIA S.R.L.,8436,0.47,125,19,77
RONZONI S.R.L.,5457,0.47,120,0,45
NOVABIT S.R.L.,2791,0.47,85,0,15
CISCO PHOTONICS ITALY S.R.L,6703,0.47,123,0,63
ITALIAONLINE S.P.A.,9493,0.47,126,0,107
SACCHI GIUSEPPE S.P.A.,14148,0.46,140,65,128
FAEL S.P.A. O FAELLUCE S.P.A.,3599,0.46,51,0,38
BMW ITALIA SPA,8479,0.46,149,0,81
FRUTTITAL S.R.L.,5428,0.46,159,0,30
THYSSENKRUPP ELECTRICAL STEEL ITALIA S.R.L.,6208,0.46,189,27,14
TECNOIDEA IMPIANTI S.R.L.,3451,0.46,86,0,24
GRUPPO SHOP SRL,4129,0.46,39,0,51
FACEBOOK ITALY S.R.L.,11942,0.46,153,0,131
ACHILLE VALERA LISSONI S.R.L.,4449,0.46,12,0,64
BENNET S.P.A.,10411,0.46,98,0,127
TRILLIUM PUMPS ITALY S.P.A. *,7452,0.46,269,36,0
O.A. LISSONE S.R.L.,1571,0.46,0,0,24
TEKNA CHEM S.P.A.,6142,0.46,145,0,46
FLAMEGAL CO. SRL,1168,0.46,12,0,14
SOL S.P.A. (1),12935,0.46,365,19,66
A.M.G. S.P.A.,2993,0.46,49,0,30
STARTRADE S.R.L.,3867,0.45,42,0,44
LIMA EUSIDER S.R.L.,3506,0.45,116,0,14
LOXEAL SRL,4700,0.45,69,36,24
FLEXFORM - S.P.A.,5157,0.45,50,0,60
PAGANI INDUSTRIE ALIMENTARI S.P.A.,6030,0.45,121,0,51
ACCENTURE TECHNOLOGY SOLUTIONS S.R.L.,9893,0.45,253,63,21
PIGOMMA SOCIETA' PER AZIONI,3786,0.45,80,0,30
ARDUINO S.R.L.,11269,0.45,126,0,128
HYUNDAI MOTOR COMPANY ITALY S.R.L.,6350,0.45,44,0,80
TO.MARKET S.R.L.,4595,0.45,57,10,43
CPM SPA,4776,0.45,103,9,32
CITY MOTORS S.R.L.,8760,0.45,42,0,116
NUOVA SAMIA SRL,1356,0.44,18,0,14
ARZUFFI S.R.L.,3602,0.44,109,0,16
POLYEDRA S.P.A.,3981,0.44,60,57,0
"""NOVARTIS FARMA SPA""",3914,0.44,21,0,51
AGILENT TECHNOLOGIES ITALIA S.P.A.,5805,0.44,36,0,74
EDIL VI.SPA. S.R.L.,6181,0.44,189,0,28
REDA S.P.A.,4931,0.44,34,0,61
SINCO WOOD S.R.L.,4161,0.44,21,0,54
AVNET EMG ITALY S.R.L.,8401,0.44,114,28,66
ARCA POLIMERI S.R.L.,1803,0.44,37,0,14
VINAVIL SPA,11155,0.43,372,0,37
ITT ITALIA S.R.L.,2812,0.43,30,0,30
BRICOMAN ITALIA S.R.L.,3205,0.43,53,0,28
DIMAC RED S.P.A.,4420,0.43,164,0,8
S.T.T. SERVIZI TELEMATICI TELEFONICI SRL,3987,0.43,33,0,46
FRAMORPOWER SRL,2722,0.43,33,0,28
GIAMBELLI S.P.A.,2494,0.43,21,0,29
RENATO CORTI S.P.A.,8050,0.43,94,19,72
VIAVI SOLUTIONS ITALIA S.R.L.,4641,0.43,63,0,46
VERNICIATURE D'ARCORE SRL,5960,0.43,18,0,79
BREVETTI STENDALTO S.P.A.,4225,0.43,52,40,16
SD CHEMICALS SRL,5559,0.43,172,0,22
WINOA ITALIA S.R.L.,8230,0.43,76,0,94
C.MATIC S.P.A.,7450,0.43,6,0,104
STAR INDUSTRIALE S.R.L.,5029,0.42,70,38,21
HD STAR SRL,1919,0.42,18,0,21
SOLETO S.P.A.,4414,0.42,60,30,22
MAPRO INTERNATIONAL MACCHINE PNEUMATICHE ROTATIVE S.P.A.,7066,0.42,190,19,23
POLIPLAST SRL,3746,0.42,15,0,48
SNF ITALIA S.R.L.,4129,0.42,153,0,7
LEBEN INGREDIENTS S.R.L.,4911,0.42,97,0,37
OLISERVICE S.R.L.,3282,0.42,55,0,28
CAIMI BREVETTI S.P.A.,6332,0.42,74,0,65
PLAYMOBIL ITALIA S.R.L.,2404,0.42,10,0,30
CENTRO CALOR S.R.L.,2761,0.42,46,0,23
TODINI AND CO. SPA,5471,0.42,86,72,0
SO.FARMA.MORRA S.P.A.,5429,0.42,58,0,56
STMICROELECTRONICS S.R.L. (1),7873,0.42,83,0,82
WEG ITALIA S.R.L.,1563,0.42,65,0,0
MEDTRONIC ITALIA S.P.A.,7072,0.41,76,73,22
DEMASTEEL S.R.L.,3072,0.41,30,0,32
DOMPE' FARMACEUTICI - S.P.A.,10144,0.41,74,0,114
MICYS COMPANY S.P.A.,12000,0.41,105,98,65
EZI S.P.A.,2335,0.41,33,0,21
ROTTAPHARM S.P.A.,7720,0.41,93,0,75
GIORGETTI S.P.A.,9991,0.41,138,20,77
D.N.P. INDUSTRIALE SRL,5552,0.41,64,0,54
SAN.ECO.VIT. S.R.L.,4483,0.41,137,0,16
PRESEZZI EXTRUSION S.P.A.,4240,0.41,174,0,0
BRIVAPLAST S.R.L.,1995,0.41,10,0,24
HUAWEI TECHNOLOGIES ITALIA S.R.L.,6835,0.41,33,0,82
DCG S.R.L.,2791,0.41,73,0,14
HIWIN S.R.L.,7141,0.41,194,38,8
INDUSTRIE CBI S.P.A. **,2730,0.4,24,0,28
HAMILTON ITALIA SRL,6115,0.4,62,10,54
LCS S.P.A.,6575,0.4,46,0,72
WHIRLPOOL ITALIA S.R.L.,5329,0.4,76,0,46
MANUFACTURES DIOR S.R.L.,1566,0.4,21,0,14
TELECOM ITALIA SPA O TIM S.P.A.,28394,0.4,300,167,163
O.M.V. OFFICINE METALLURGICHE VENTURA S.P.A.,3008,0.4,79,0,14
PANASONIC HEATING & VENTILATION AIR CONDITIONING ITALY S.R.L.,12824,0.4,151,0,119
AUTOTORINO S.P.A.,48028,0.4,284,0,541
DOX-AL ITALIA S.P.A. **,3711,0.4,57,0,30
TITALIA S.P.A.,4812,0.4,123,0,23
ELACHEM S.P.A.,5760,0.39,58,0,55
TAF ABRASIVI S.P.A.,2078,0.39,39,0,14
APPLE RETAIL ITALIA S.R.L.,7212,0.39,39,0,81
MEDA PHARMA S.P.A.,4295,0.39,33,36,21
FEDERFARMA.CO DISTRIBUZIONE E SERVIZI IN FARMACIA S.P.A.,6132,0.39,39,0,66
IPER MONTEBELLO S.P.A.,4248,0.39,101,0,22
BE.CO. COMMERCIALE ITALIA SRL,1607,0.39,21,0,14
INTERCOS EUROPE S.P.A.,6666,0.39,125,0,44
ACS DOBFAR SPA,2664,0.39,80,0,8
ETICA CAPITAL S.R.L.,3442,0.39,46,9,23
DIVERSEY S.P.A.,6201,0.39,197,0,14
AMAZON ITALIA LOGISTICA S.R.L.,5723,0.39,63,36,29
GRUPPO FONTANA (1),5111,0.39,69,0,43
VIVISOL NAPOLI S.R.L.,6220,0.39,159,0,28
BORSA ITALIANA S.P.A.,9491,0.39,176,0,66
BORMIOLI PHARMA S.P.A.,9453,0.39,342,0,8
EUROFED S.R.L.,7096,0.39,73,0,68
ROSLER ITALIANA SRL,5785,0.38,153,0,23
ANGELO CREMONA SPA,2158,0.38,39,0,14
PIETRO CORICELLI - S.P.A.,3488,0.38,134,0,0
MEKTECH SRL,4273,0.38,54,19,23
CHATEAU D'AX S.P.A.,4298,0.38,51,0,38
IMCD ITALIA S.P.A.,2769,0.38,62,0,14
TRILUX ITALIA S.R.L.,13281,0.38,326,0,59
AXA ITALIA SERVIZI S.C.P.A.,7045,0.38,75,30,44
REAL FORMAGGI SRL,3605,0.38,30,0,36
GIVIDI FABRICS S.R.L.,3353,0.38,27,18,21
MCI - MARZORATI COMPONENTI INDUSTRIALI SPA,10007,0.38,119,19,76
SUAREZ COMPANY S.R.L.,3534,0.38,27,0,36
BIZERBA SOCIETA' PER AZIONI,3333,0.38,21,0,35
I.P.A. INDUSTRIA PORCELLANE S.P.A.,3261,0.38,81,0,14
MAB S.P.A.,3680,0.38,98,0,14
MATICMIND S.P.A.,7562,0.38,110,78,8
HALLSTAR ITALIA SRL,5796,0.38,121,19,21
CARTARIA MONZESE S.R.L.,6359,0.38,12,0,77
F.I.R.M.A. ITALIA SPA,2889,0.38,27,0,28
TEMA PROMOTIONAL GIFTS S.R.L.,1326,0.38,6,0,15
FEDEX EXPRESS ITALY S.R.L.,3251,0.37,30,0,30
CANON ITALIA S.P.A.,24848,0.37,122,18,256
LG ELECTRONICS ITALIA S.P.A.,12683,0.37,346,9,36
LUXOTTICA GROUP SPA,10144,0.37,152,0,76
EUROITALIA S.R.L. **,4277,0.37,133,0,8
COOK ITALIA S.R.L.,2431,0.37,27,0,21
R.M.S. S.P.A.,7550,0.37,145,9,38
BIFIRE S.P.A.,7650,0.37,212,0,24
CP TECHNOLOGY S.R.L.,4250,0.37,47,0,37
COMESTERO SISTEMI S.R.L.,6223,0.37,37,18,52
COSMELUX S.R.L.,3798,0.37,95,0,15
FINELEX SOCIETA' CONSORTILE PER AZIONI,4404,0.37,101,0,21
EVOLUTION S.R.L.,3800,0.36,30,0,35
COGI S.R.L.,1919,0.36,0,0,23
RETIPIU' SRL,4104,0.36,65,0,28
HENKEL ITALIA S.R.L.,14572,0.36,395,56,8
GOODYEAR TIRES ITALIA - SOCIETA' PER AZIONI,41416,0.36,313,0,389
AGRI BRIANZA S.R.L.,5437,0.36,84,0,38
KOLMAR ITALIA S.R.L.,5081,0.36,92,0,30
GIOCHI PREZIOSI S.P.A.,6259,0.36,30,0,65
AARTEE DISTRIBUZIONE ITALIA SRL,3627,0.36,41,0,30
REVEVOL ITALIA S.R.L.,2353,0.36,21,0,21
ASG S.P.A.,1757,0.36,21,0,14
LA RINASCENTE S.P.A,8804,0.36,40,50,58
AXALTA COATING SYSTEMS ITALY SRL,5590,0.36,96,0,35
FULL METALS S.R.L.,2230,0.36,9,0,24
OBI ITALIA S.R.L.,7780,0.36,111,0,56
DEMAG CRANES & COMPONENTS S.R.L.,9993,0.36,72,0,96
AIR LOGISTICS S.R.L.,2617,0.36,27,0,22
RICCHI AUTO S.R.L.,6744,0.36,42,0,68
BOREALIS ITALIA S.P.A.,2217,0.36,80,0,0
S.C.A.R. REFRIGERAZIONE S.R.L.,9609,0.36,232,0,39
FESTO S.P.A.,1311,0.36,47,0,0
JANSSEN CILAG S.P.A.,6255,0.36,54,10,50
MAS ELETTRODOMESTICI DA INCASSO - S.R.L.,7746,0.35,40,0,78
GRUPPO CIMBALI S.P.A.,8972,0.35,186,10,37
HOMAG ITALIA S.P.A.,7235,0.35,151,9,29
GUILLIN ITALIA S.P.A.,5485,0.35,78,0,38
VITERRA ITALY S.R.L.,1270,0.35,20,0,8
ORGANIKE S.R.L.,3748,0.35,27,0,35
EMAR GIANNOBI S.R.L.,5053,0.35,77,19,21
VERNICI CALDART S.R.L.,2997,0.35,80,0,8
BOSCH REXROTH OIL CONTROL S.P.A.,2894,0.35,30,0,24
GOLEM.COM S.R.L.,3368,0.35,33,0,28
DVG DE VECCHI S.R.L.,4272,0.35,22,19,30
"F.A.R.O. FABBRICA APPARECCHIATURE RAZIONALI ODONTOIATRICHE SOCIETA' PER
AZIONI",2112,0.35,33,0,14
AVANADE ITALY S.R.L.,5987,0.35,109,28,14
INDUSTRY BUSINESS EUROPEAN SRL,1804,0.35,21,0,14
ACCENTURE FINANCIAL ADVANCED SOLUTIONS & TECHNOLOGY S.R.L.,8335,0.35,140,54,15
GROUPE SEB ITALIA S.P.A.,6209,0.34,39,0,58
MERBAG S.P.A.,5642,0.34,48,0,48
D.M.B. S.R.L.,1840,0.34,21,0,14
SYNERGY S.R.L.,4221,0.34,55,0,30
GOOGLE CLOUD ITALY SRL,9800,0.34,70,10,81
CALVI HOLDING S.P.A.,1431,0.34,25,0,8
LIVING DIVANI S.R.L.,3900,0.34,88,0,15
MANTOVANI S.R.L.,7373,0.34,27,0,75
O.M.E.M. S.P.A. OFFICINE MECCANICHE ERBA-MONZA,2707,0.34,27,0,22
BURCKHARDT COMPRESSION (ITALIA) S.R.L.,4820,0.34,57,19,23
MOLTENI & C.- S.P.A.,20027,0.34,192,0,162
CAPSULIT S.P.A.,4027,0.34,48,0,29
C.M.C. ITALIA S.R.L.,2494,0.34,44,0,14
LAGOGEL S.R.L.,4503,0.34,22,0,44
PALADINO COSTRUZIONI S.R.L.,2999,0.34,39,0,21
ALFA LAVAL ITALY S.R.L.,8738,0.34,155,0,46
IMPERIAL SRL,2840,0.33,27,0,22
TESLA ITALY S.R.L.,2530,0.33,21,0,21
ARCELORMITTAL AVELLINO E CANOSSA S.P.A.,3811,0.33,84,0,14
EMMI DESSERT ITALIA S.P.A.,2874,0.33,94,0,0
KLA TENCOR ITALY S.R.L.,8623,0.33,89,54,30
ELIOGAS SRL,2756,0.33,29,0,21
YARA ITALIA S.P.A.,20352,0.33,94,252,22
FRETTE S.R.L.,6182,0.33,46,10,45
AMBER S.R.L.,5470,0.33,71,0,36
DELIZIA S.R.L.,2537,0.33,0,0,28
UTILITA' S.P.A.,5985,0.33,176,0,7
SESTO AUTOVEICOLI S.P.A.,7549,0.32,60,0,61
GARO DOTT.ING.ROBERTO GABBIONETA S.R.L.,5646,0.32,77,19,21
DOCEBO S.P.A.,7394,0.32,130,20,22
A. AGRATI S.P.A.,13617,0.32,221,0,70
COMMERCIALE GIUSSANI S.R.L.,3964,0.32,35,0,30
UNION FOAM S.P.A.,6776,0.32,132,18,16
LATTERIA NOEM SRL,4566,0.32,59,0,29
PROFIMED SRL,3339,0.32,82,0,8
CANTARELLA & MOLTENI S.R.L.,3352,0.31,104,0,0
BIANALISI S.P.A. *,10029,0.31,84,0,74
CORDEN PHARMA S.P.A.,5209,0.31,74,9,24
VARIATI S.P.A.,11233,0.31,176,18,47
AGRIFARMA SPA,4774,0.31,64,30,8
TONCAR S.R.L.,5297,0.31,142,0,8
CARLO BRAMBILLA S.R.L.,2056,0.31,40,0,8
LIBRERIE FELTRINELLI S.R.L.,13835,0.31,162,40,63
RODACCIAI S.P.A.,9804,0.31,302,0,0
DICOMI S.R.L.,5852,0.31,43,0,46
SALMILANO S.P.A.,1064,0.31,6,0,9
ENGINEERING 2K S.P.A.,3928,0.31,123,0,0
NEXT HARDWARE & SOFTWARE S.P.A.,6480,0.31,47,0,51
T.D.M. S.R.L.,2260,0.31,27,0,14
NOVA S.R.L.,5844,0.31,76,0,35
ROLLON S.P.A.,12993,0.31,85,0,105
MARIANI FERRO S.P.A.,5807,0.31,42,0,46
BASF ITALIA S.P.A.,2689,0.31,84,0,0
BLUEIT S.P.A. SOCIETA' BENEFIT,8295,0.31,187,36,0
MELCHIONI S.P.A.,3812,0.31,36,0,28
ETRO S.P.A.,7238,0.31,12,10,65
MAN AND MACHINE SOFTWARE S.R.L.,11732,0.3,157,0,66
EAGLEBURGMANN ITALIA S.R.L.,8899,0.3,162,9,28
EBV ELEKTRONIK S.R.L.,7794,0.3,81,0,51
LUIGI FEDELI E FIGLIO S.R.L.,7875,0.3,106,0,44
KASANOVA S.P.A.,37981,0.3,390,0,249
CHEMETALL ITALIA S.R.L.,3531,0.3,36,0,23
DOW ITALIA DIVISIONE COMMERCIALE S.R.L.,9271,0.3,169,0,37
ECOSAN S.R.L.,812,0.3,0,0,8
TECON S.P.A.,3948,0.3,26,0,31
CEBA INGRANAGGI S.R.L.,3053,0.3,93,0,0
EFFEPI AUTO S.R.L.,4298,0.3,14,0,38
COMPRORO S.R.L.,2132,0.3,21,0,14
ELEKTA S.P.A.,4675,0.3,138,0,0
P. & C. PRODUCTS S.R.L.,2096,0.3,21,0,14
KION RENTAL SERVICES S.P.A.,4944,0.3,105,0,14
ENGEL ITALIA SRL,12217,0.29,148,20,54
SYNGENTA ITALIA S.P.A.,8580,0.29,211,0,14
PLAX S.P.A. **,4587,0.29,67,10,15
ORTEA S.P.A,4005,0.29,96,0,7
SYNLAB ITALIA S.R.L.,4638,0.29,86,0,16
LOGICOM ITALIA S.R.L.,3290,0.29,31,0,21
DAL CIN GILDO S.P.A.,2583,0.29,32,0,14
IVM CHEMICALS S.R.L.,1738,0.29,6,0,15
I.V.M. S.P.A.,5470,0.29,160,0,0
GOOGLE ITALY S.R.L.,2630,0.29,33,0,14
FPZ S.P.A.,2433,0.29,70,0,0
AL DAHRA EUROPE S.R.L.,7388,0.29,142,0,24
TAMINI TRASFORMATORI S.R.L.,9121,0.28,86,0,56
MAER ITALIA SOCIETA' A RESPONSABILITA' LIMITATA,4577,0.28,85,0,14
FORTINET SECURITY ITALY S.R.L.,7171,0.28,57,9,43
BOCCOLINI S.R.L.,3894,0.28,42,0,22
STELLA SRL,2950,0.28,21,0,21
UNICOAL SPA,5789,0.28,78,19,15
BISCOTTI GULLON S.R.L.,5284,0.28,105,0,14
GTE SRL,2489,0.28,27,0,14
AUTONOVARA S.R.L.,17834,0.28,34,0,157
BERLIN PACKAGING ITALY S.P.A.,18066,0.28,306,0,64
UPONOR S.R.L.,2455,0.28,20,0,16
MAKINO S.R.L.,3014,0.28,43,0,14
CHATEAUFORM ITALIA S.R.L.,3122,0.28,26,0,20
DHL EXPRESS (ITALY) S.R.L.,1037,0.28,8,0,7
LEGNANO TEKNOELECTRIC COMPANY SPA,5159,0.28,143,0,0
KOCH-GLITSCH ITALIA S.R.L.,6341,0.28,43,0,45
RESSTENDE S.R.L.,5082,0.28,70,0,24
PANZERI CARLO S.R.L.,16694,0.28,443,0,8
AE.CAS. SRL,5326,0.28,33,0,38
TECNOGARDEN SERVICE SRL,4064,0.27,45,0,22
GN AUDIO ITALY S.R.L.,4283,0.27,54,0,21
COLOMBO MICHELE E FIGLI SRL,5173,0.27,27,0,38
JOHN CRANE ITALIA S.P.A.,12273,0.27,192,0,45
ARDEMAGNI S.P.A.,7111,0.27,141,0,16
NUOVA ANGELO TURATI S.R.L.,5850,0.27,42,0,38
MONTRASIO ITALIA S.R.L.,2729,0.27,49,0,8
S.I.D.EM. SPA,3213,0.27,21,0,22
AEROSPACE MATERIALS MANAGEMENT S.R.L. IN FORMA ABBREVIATA AMM S.R.L.,10717,0.27,57,0,78
AZELIS ITALIA S.R.L.,6687,0.27,93,0,30
GRUPPO GIMOKA S.P.A.,11682,0.27,132,27,44
L'ISOLANTE K-FLEX SOCIETA' PER AZIONI,7572,0.27,79,19,29
CIVE SRL,6416,0.27,39,0,45
SMITHS DETECTION ITALIA S.R.L.,4152,0.26,43,0,22
MOELLHAUSEN SPA,4675,0.26,120,0,0
ECSA ITALIA S.R.L.,4003,0.26,21,0,28
TESSITURA ORESTE MARIANI S.P.A.,3879,0.26,10,10,23
AHSI S.P.A.,4358,0.26,49,0,21
CARTA STAMPA S.R.L.,2850,0.26,33,0,14
TEA-CO TECNOLOGIE ELETTRICHE APPLICATE - CONCOREZZO S.P.A.,2391,0.26,21,0,14
SANYANG ITALIA S.R.L.,12180,0.26,93,0,76
TOSHIBA GLOBAL COMMERCE SOLUTIONS (ITALY) S.R.L.,3937,0.26,37,0,22
MESSA T. S.P.A.,11495,0.26,60,0,79
ARTECA S.P.A.,5747,0.26,6,0,48
BEA GESTIONI SPA,4366,0.26,49,0,21
A.C.E. SRL,2650,0.26,24,0,15
EURO MOTORS ITALIA SPA EMI,2981,0.25,33,0,14
FABAS-LUCE SPA,4115,0.25,36,0,22
GIOMA VARO SRL,2220,0.25,56,0,0
SERVIZI ENERGIA ITALIA S.P.A.,2308,0.25,58,0,0
TELEFLEX MEDICAL S.R.L.,3282,0.25,21,10,14
GITRE S.R.L.,3080,0.25,30,0,16
IMPRECOM S.R.L.,3556,0.25,64,0,8
SAFETEC S.R.L.,2249,0.25,16,10,7
DAYTONA S.R.L.,4170,0.25,12,0,31
BONOMI PATTINI GIUSEPPE E FIGLI S.P.A.,13010,0.25,165,0,54
HAWORTH ITALY HOLDING S.R.L.,4913,0.25,31,0,30
HUMANITAS MIRASOLE S.P.A.,6728,0.25,84,0,28
CAVE ROCCA S.R.L.,2252,0.25,32,0,8
HP ITALY S.R.L.,5447,0.25,54,0,28
AB MEDICA S.P.A.,6936,0.25,92,9,22
O.E.G. OFFICINA ELETTROMECCANICA GOTTIFREDI S.R.L.,2595,0.24,0,0,21
DIAMETRO SRL,1742,0.24,0,0,14
ESSELUNGA SPA,4321,0.24,60,0,15
S.I.P. SOCIETA' ITALIANA PROTOTIPI S.R.L.,2635,0.24,21,0,14
G.P. CAR S.R.L.,7887,0.24,28,0,53
EUROMOTORI S.R.L.,1263,0.24,6,0,8
AL.CI. S.R.L.,3024,0.24,52,0,7
THE SWATCH GROUP (ITALIA) S.P.A.,15361,0.24,90,20,78
FAMOSA ITALIA S.R.L.,5852,0.24,27,0,37
GEN AGRI S.R.L.,5538,0.23,37,0,30
MECAIR SRL,6769,0.23,34,28,21
KVADRAT S.P.A.,6537,0.23,108,0,15
START ITALIANA S.R.L.,1987,0.23,0,0,15
GIUSSANI GROUP SRL,3129,0.23,32,20,0
ROCHE SOCIETA' PER AZIONI,7412,0.23,174,0,0
ALLIANCE MEDICAL ITALIA S.R.L.,5880,0.23,67,10,16
DARTON S.R.L.,4803,0.23,16,0,32
QUATTROBI S.R.L.,4110,0.23,0,0,32
MODAR S.P.A.,5239,0.23,64,19,7
MEREGALLI GIUSEPPE S.P.A.,10318,0.23,37,10,60
WAYNE FUELING SYSTEMS ITALIA S.R.L.,4883,0.23,69,0,15
GF MACHINING SOLUTIONS SPA,5283,0.22,115,0,0
"PROGETTO A. SOCIETA' COOPERATIVA SOCIALE VALIDAMENTE SIGLABILE ANCHE
COME PROGETTO A. S.C.S.",13769,0.22,165,0,46
MATEST S.P.A.,948,0.22,0,0,7
ELECTRALINE 3PMARK SPA **,2971,0.22,46,9,0
ITALFARMACO S.P.A.,11929,0.22,113,0,50
TECNAIR S.P.A.,2492,0.22,56,0,0
ISA S.P.A.,5888,0.22,104,0,8
CRI ENERBILITY S.R.L.,1604,0.22,0,18,0
JACQUET NOVA SRL,8019,0.22,80,0,31
BABCOCK WANSON ITALIANA S.P.A.,4982,0.22,88,0,7
SACS TECNORIB S.P.A.,1938,0.22,18,0,8
UNIMEC SPA,4289,0.22,27,0,22
PASSONI PAOLO E FIGLI S.R.L.,3352,0.22,30,0,15
GIELLEPI S.P.A.,5691,0.22,40,20,16
FOMAS HOP S.P.A.,26639,0.22,69,108,96
P.M. INTERNATIONAL ITALIA S.R.L.,6704,0.22,61,10,22
DOC GENERICI S.R.L. O IN FORMA ABBREVIATA DOC S.R.L.,8687,0.22,65,0,42
GRUPPO MILLEPIANI S.P.A.,5652,0.22,55,0,23
BESANA APPLICAZIONI PLASTICHE SRL,5729,0.22,36,0,30
ETJCA S.P.A.,11664,0.22,117,0,48
VICSAM SISTEMI S.R.L.,15384,0.22,57,0,93
MANCINI ENTERPRISE SRL,3067,0.21,21,0,14
ORTOFIN SRL,13031,0.21,71,0,68
ENGICO SRL,3545,0.21,30,0,15
O. ELMI SRL,3053,0.21,21,0,14
LUTECH S.P.A.,19374,0.21,186,66,30
EUROCHEM AGRO S.P.A.,2572,0.21,31,0,8
SAIVER S.R.L.,2994,0.21,16,0,16
FOMAS S.P.A.,16813,0.21,57,54,63
CGT EDILIZIA S.P.A.,13614,0.21,159,0,43
ALCON ITALIA S.P.A.,3465,0.21,52,10,0
INSTRUMENTATION LABORATORY S.P.A.,11236,0.21,175,0,22
DOMETIC ITALY MARINE S.R.L.,15581,0.21,222,19,23
PAOLA LENTI S.R.L.,4652,0.21,82,9,0
SAMP S.P.A.,6380,0.2,55,0,24
ABC SISTEM S.R.L.,2284,0.2,24,0,7
KOFLER SRL,2456,0.2,6,0,14
ASTALEGALE.NET S.P.A.,8495,0.2,31,0,45
DE WAVE S.R.L.,8067,0.2,160,0,0
DELTA 2000 S.R.L.,3983,0.2,30,0,16
KINGMEDA S.R.L.,5625,0.2,28,0,29
CAVAUTO S.R.L.,15770,0.2,6,0,103
VELP SCIENTIFICA S.R.L.,13211,0.2,196,0,21
KING GESTIONI ALBERGHIERE S.P.A.,7859,0.2,115,0,14
PEPPERL + FUCHS FA ITALIA S.R.L.,7750,0.2,62,0,30
CLEAF SPA,3685,0.2,54,0,7
AROMATAGROUP S.R.L.,4210,0.2,61,0,8
TRAGNI S.R.L.,2819,0.2,36,0,7
SMC ITALIA SPA,8488,0.2,93,30,7
COMDATA S.P.A.,16224,0.2,86,18,68
ARROW ELECTRONICS ITALIA S.R.L.,2408,0.2,48,0,0
HERAEUS S.P.A.,15815,0.2,136,9,52
MACPLAST S.P.A.,1622,0.2,9,0,8
CHEMI - S.P.A.,9111,0.2,94,0,28
IPERAL SUPERMERCATI S.P.A.,3909,0.2,38,0,14
MURRELEKTRONIK SRL,5100,0.2,102,0,0
FORGE NICROMO S.P.A.,2579,0.19,24,0,8
PARIS TEXAS S.R.L.,22350,0.19,88,30,91
F.LLI NOVARA S.R.L.,10125,0.19,24,0,56
COENERGIA S.R.L.,4464,0.19,68,9,0
PROMIGROUP SRL,3795,0.19,31,0,14
KOLOR + SERVICE S.R.L.,3411,0.19,19,0,15
SCATOLIFICIO ANGELO GARIBOLDI SRL,2490,0.19,24,0,8
HOME FRAGRANCE ITALIA S.R.L.,7664,0.19,79,0,21
FLOU SPA,3312,0.19,64,0,0
ECOGENIA S.R.L.,10261,0.19,110,0,30
DANA FLUID POWER DISTRIBUTION S.R.L.,3116,0.19,59,0,0
ALIMENTARI RADICE S.R.L.,4496,0.19,0,0,28
MECONDOR- S.P.A.,1240,0.19,0,0,8
TEKNOWOOL LOMBARDIA S.R.L.,5088,0.18,28,0,22
ALUTRADE S.R.L.,2204,0.18,16,0,8
CIPIEMME SRL,2287,0.18,18,0,8
RENTAL PLUS SRL,6561,0.18,34,0,29
ALFAMATION S.P.A.,6079,0.18,65,9,8
POWER LINE S.R.L.,1847,0.18,12,0,7
CASELLA SPA,4199,0.18,50,0,8
EXHIBO S.P.A.,3783,0.18,46,0,8
MINOTTI SPA,3058,0.18,10,0,15
WORKMEC S.P.A.,4237,0.18,12,9,16
"""LINDE MATERIAL HANDLING ITALIA S.P.A.""",9139,0.18,79,0,30
TUBI THOR S.P.A.,6961,0.18,55,0,24
FALDUTO F.LLI S.R.L.,10293,0.18,99,0,29
SPOTTI S.R.L.,4922,0.18,26,0,21
C.I.M.A. COMPAGNIA ITALIANA MOLLE ACCIAIO S.P.A.,8120,0.18,87,0,21
MILANOFIORI SVILUPPO S.R.L.,13699,0.18,99,19,36
BRIANZATENDE S.R.L.,6884,0.17,74,0,15
ALBRICCI S.R.L.,2287,0.17,18,0,7
ARES S.R.L.,2890,0.17,10,19,0
BUSCH ITALIA S.R.L.,5631,0.17,31,10,14
FRIESLANDCAMPINA ITALY S.R.L.,2534,0.17,42,0,0
INTERNATIONAL POWER COMPONENTS S.R.L.,8359,0.17,145,0,0
EL.GA SPA,4127,0.17,32,9,7
HENNECKE-OMS S.P.A.,12223,0.17,186,0,7
I.R.A. ISTITUTO RICERCHE APPLICATE S.P.A.,3171,0.17,12,0,14
AMILON SRL,7809,0.17,108,0,7
AMBIENTE ENERGIA BRIANZA SOCIETA' PER AZIONI,29439,0.17,134,0,118
ROCHE DIAGNOSTICS S.P.A. *,639,0.16,10,0,0
RISTOPIU' LOMBARDIA SPA,11813,0.16,84,9,28
SPECIALTRASFO S.P.A.,3963,0.16,63,0,0
COMMSCOPE ITALY S.R.L.,19521,0.16,110,19,53
I.D.I. EVOLUTION S.R.L.,3734,0.16,40,0,7
VECO S.P.A.,3704,0.16,12,0,16
BERETTA ALFREDO S.R.L.,1821,0.16,30,0,0
EUROPERF S.R.L.,4629,0.16,51,0,7
FURIA CUSCINI S.P.A.,2063,0.16,8,0,8
HILTI ITALIA S.P.A.,1840,0.16,30,0,0
BICASA S.R.L.,3526,0.16,55,0,0
QUANTUMCORRUGATED S.R.L.,6988,0.16,88,0,8
NPI ITALIA S.R.L.,15119,0.16,80,0,54
DP VISION S.R.L.,3328,0.16,30,0,8
SIMPEC S.R.L. SOCIETA' IMPIANTI ECOLOGICI,3974,0.16,21,0,14
DANCO S.P.A.,5347,0.16,84,0,0
AMBU S.R.L.,18600,0.15,108,10,53
ANGELO ROCCA & FIGLI S.R.L.,2792,0.15,22,0,7
DMG MORI ITALIA S.R.L. IN BREVE DMI S.R.L.,4121,0.15,21,0,14
COMPO ITALIA S.R.L.,13713,0.15,131,0,23
FIDIM SRL,20162,0.15,184,0,40
CRIPPACAMPEGGIO S.R.L.,14836,0.15,100,0,39
SAFETY S.P.A.,4605,0.15,27,0,14
WATTS INDUSTRIES ITALIA S.R.L.,5603,0.15,83,0,0
EUROPRODOTTI S.P.A.,7687,0.15,40,0,24
FARMA.CO.M. S.P.A. FARMACIE COMUNALI MONZA S.P.A.,14099,0.15,24,0,62
COMIECO CONSORZIO NAZIONALE PER IL RECUPERO ED IL RICICLO DEGLI I MBALLAGGI A BASE CELLULOSICA,6652,0.15,57,0,15
EXYTE ITALY S.R.L.,6876,0.15,84,0,7
OR.S.A. SOCIETA' COOPERATIVA SOCIALE,13117,0.15,102,0,32
COVI S.R.L.,1941,0.15,6,0,8
XIAOMI TECHNOLOGY ITALY S.R.L.,4116,0.15,18,0,15
STONEX S.R.L.,15851,0.15,108,18,31
GRUPPO DESA S.P.A.,1616,0.14,22,0,0
WERKCAM S.R.L.,3112,0.14,24,0,7
OMG S.R.L.,2076,0.14,6,0,8
"CIERREFFE LOMBARDIA S.R.L. SIGLABILE C.R.F. LOMBARDIA S.R.L. O CRF LOMBARDIA
S.R.L.",4597,0.14,21,0,14
BAVELLONI S.P.A.,6002,0.14,59,0,8
HUMANGEST S.P.A.,7732,0.14,24,0,29
GSR TECHNOLOGY ITALY S.R.L.,4911,0.14,70,0,0
EMIFLEX S.P.A.,8508,0.14,43,0,24
ELMAG S.P.A.,5614,0.14,6,0,24
DUERR DENTAL ITALIA S.R.L.,3882,0.14,30,0,8
COEL DISTRIBUTION SRL,6416,0.14,30,0,21
KOS CARE S.R.L.,18036,0.14,173,0,24
SIPCAM OXON S.P.A.,17814,0.13,123,0,36
CAMBIELLI S.P.A.,3780,0.13,48,0,0
ECO.SMALT S.R.L.,9934,0.13,39,0,30
S.I.L.F.A. SOCIETA' IMBALLAGGI LATTA FUSTI ACCIAIO - S.R.L.,1874,0.13,0,0,8
CONDUCTIX- WAMPFLER S.R.L.,6837,0.13,64,0,8
BOLDROCCHI SRL,4138,0.13,34,0,7
OPTOPRIM S.R.L.,4542,0.13,12,0,16
SPRINT ENERGY SRL,4400,0.13,57,0,0
HEWLETT-PACKARD ITALIANA S.R.L.,2694,0.13,36,0,0
TEAFLEX S.P.A.,4438,0.13,57,0,0
ELETTRONICA ASTER S.P.A.,4526,0.12,32,0,7
PARA' S.P.A.,3405,0.12,40,0,0
VANTA S.R.L.,1943,0.12,24,0,0
EMME TECHNOLOGY S.R.L.,3687,0.12,24,0,7
RALCO S.R.L.,4828,0.12,12,0,16
IMPRESA EDILE STRADALE ARTIFONI S.P.A.,11311,0.12,27,0,36
REYS S.P.A,4487,0.12,7,0,15
RESTAURA S.R.L.,2470,0.11,27,0,0
DIOTTI.COM S.R.L.,12716,0.11,54,0,29
ZERO+4 S.R.L.,2378,0.11,6,10,0
IMS S.P.A.,2125,0.11,24,0,0
NASTROFER S.P.A.,13248,0.11,33,0,38
VIMERCATI SRL,3952,0.11,18,0,8
CESAPLAST SPA,6871,0.11,27,0,16
BARRA COSTRUZIONI S.R.L.,68213,0.11,103,40,178
SUISSE NUTRAINGREDIENTS S.R.L.,1823,0.11,20,0,0
REMARKET S.P.A.,15286,0.11,33,0,45
CORIGES SRL,2169,0.11,23,0,0
G2 PORTE E FINESTRE S.R.L.,3540,0.11,18,0,7
B&B ITALIA S.P.A.,31953,0.11,224,0,44
AUTOGHINZANI BERGAMO SRL,1863,0.11,0,0,7
TERMOMARKET S.R.L.,5287,0.11,60,0,0
DI.R.EL. SRL,2617,0.11,30,0,0
TECNOROBOT S.R.L.,5299,0.1,34,0,7
COOP CONSORZIO NORD OVEST SOC. CONSORTILE A R.L.,141128,0.1,200,124,313
A.M.INSTRUMENTS SRL,12475,0.1,120,0,0
UNES MAXI S.P.A.,199257,0.1,221,120,526
LARA COMPENSATI S.R.L.,2514,0.1,0,0,8
ICROM S.R.L.,3390,0.1,12,0,7
NORD COMPENSATI S.R.L.,2753,0.09,25,0,0
DOLCIARIA NEGRI SRL,12322,0.09,21,0,29
SYSTEMAIR ITALY S.R.L.,119066,0.09,315,40,208
BIG S.R.L.,2675,0.09,25,0,0
ELCAM -S.R.L.,662,0.09,6,0,0
ZANOTTA S.P.A.,7481,0.09,70,0,0
EPIS & C. S.R.L.,12810,0.09,46,0,22
GRUPPO ALFAGOMMA (1),4793,0.09,43,0,0
T.S.A. S.R.L.,3533,0.08,30,0,0
S.I.M.B.A.-S.P.A. COL SOTTOTITOLO SOCIETA' ITALIANA IMPORTAZIONE BANANE E COMMERCIO PRODOTTI OLTREMARE,10771,0.08,21,0,22
FILO BIANCO S.R.L.,3717,0.08,30,0,0
MONGUZZI S.R.L.,9072,0.08,24,0,16
AMBROGIO MORO S.P.A. **,761,0.08,6,0,0
FINE FOOD GROUP S.P.A.,4068,0.08,32,0,0
EG S.P.A.,139269,0.08,393,40,216
KSA ITALIA SRL,1503,0.08,12,0,0
EDILVIT SRL,3042,0.08,23,0,0
INGRAM MICRO S.R.L.,2187,0.08,18,0,0
COMBUSTIBILI CEREDA S.R.L.,10033,0.08,33,0,16
ACINQUE S.P.A.,282006,0.07,529,80,443
RIVOLTA CARMIGNANI S.P.A.,5347,0.07,14,0,7
I.M.V. PRESSE S.R.L.,1979,0.07,13,0,0
PRYSMIAN POWERLINK S.R.L.,594861,0.07,589,518,929
PELBO S.P.A.,7804,0.07,51,0,0
TERNO SCORREVOLI S.P.A.,2742,0.07,18,0,0
WIND TRE S.P.A.,256514,0.07,236,117,420
EFFEBIQUATTRO S.P.A.,2672,0.07,18,0,0
PRYSMIAN CAVI E SISTEMI ITALIA S.R.L.,612029,0.07,524,416,889
RIPRESS S.R.L.,6025,0.07,44,0,0
INSIGHT TECHNOLOGY SOLUTIONS S.R.L.,8831,0.07,64,0,0
A.P.S. AROSIO S.P.A.,2119,0.06,12,0,0
SACMA LIMBIATE S.P.A.,5577,0.06,10,0,8
COPRIMA S.R.L.,3620,0.06,23,0,0
SG S.P.A.,3319,0.06,21,0,0
G.M. INTERNATIONAL S.R.L.,4081,0.06,26,0,0
OMP MECHTRON S.R.L.,3981,0.06,24,0,0
PEPPERL + FUCHS S.R.L.,6297,0.06,39,0,0
INTERNI S.P.A.,10535,0.06,46,0,7
IPEA S.R.L.,3740,0.06,24,0,0
COOP LOMBARDIA SOCIETA' COOPERATIVA,682019,0.06,483,267,947
LONGHI S.P.A.,9800,0.05,48,0,0
HYDAC S.P.A,7030,0.05,12,0,7
F.LLI VILLA S.R.L.,1187,0.05,6,0,0
B.S.M. SRL,5621,0.05,27,0,0
VERZOLLA S.R.L.,9716,0.05,48,0,0
ADITINET CONSULTING SPA,5032,0.05,6,0,7
H.T. HIGH TECHNOLOGY S.R.L.,6307,0.05,30,0,0
RESINE ISOLANTI O.DIENA S.R.L,1646,0.05,8,0,0
JOHN ZINK HAMWORTHY COMBUSTION S.R.L.,8996,0.05,48,0,0
INTERSTEEL SRL,3790,0.05,18,0,0
CROSS POINT - S.R.L.,3466,0.05,16,0,0
TECNOLAB S.R.L.,3102,0.05,16,0,0
ECO STORE SRL,26795,0.05,72,0,21
G. VILLA S.R.L.,18428,0.04,24,0,15
INOXIHP S.R.L.,2016,0.04,9,0,0
SERVOTECNICA S.P.A.,11113,0.04,48,0,0
I.P.A.S. INDUSTRIA PRODUZIONI ALIMENTARI E SEMILAVORATI S.R.L.,5192,0.04,0,0,7
AVICEL S.R.L.,1582,0.04,7,0,0
KOLLMORGEN S.R.L.,18172,0.04,54,0,8
PERI S.R.L.,6142,0.04,6,0,7
GRICAR CHEMICAL S.R.L.,10749,0.04,24,0,8
DONATI S.R.L.,24201,0.03,46,0,8
GAIA S.R.L.,4477,0.03,12,0,0
DELP ITALIA SRL,2134,0.03,6,0,0
MODITECH S.R.L.,2538,0.03,8,0,0
HAFELE ITALIA S.R.L.,2319,0.03,6,0,0
MOONS' INDUSTRIES EUROPE HEAD QUARTER SRL,3129,0.03,8,0,0
THE LEVEL GROUP S.R.L.,3674,0.03,12,0,0
VALLMAR S.R.L.,6824,0.02,12,0,0
DATAMATIC S.P.A.,4905,0.02,8,0,0
OPIS S.R.L. (1) *,7742,0.01,6,0,0
SYSTEMA S.R.L.,6409,0.01,6,0,0
GIORGIO COLLECTION S.R.L.,2991,0.0,0,0,0
ECOLAB HOLDING ITALY S.R.L.,0,0.0,0,0,0
MULTITEL PAGLIERO S.P.A.,2477,0.0,0,0,0
INDUSTRIA BRIANTEA FERRAMENTA MINUTERIE DI FUMAGALLI SRL,1328,0.0,0,0,0
TECNOFIRMA SPA,2297,0.0,0,0,0
CANALPLAST S.P.A.,170,0.0,0,0,0
COSMO HOTEL S.P.A.,2950,0.0,0,0,0
NTI-NKE S.P.A.,780,0.0,0,0,0
CERAMICHE FRATTINI SRL,748,0.0,0,0,0
CAR STUDIO S.R.L.,2234,0.0,0,0,0
LOUIS VUITTON ITALIA S.R.L.,0,0.0,0,0,0
CENTRO CARAVANS BARASSI S.R.L.,170,0.0,0,0,0
3M ITALIA S.R.L.,0,0.0,0,0,0
BRUNO PRESEZZI S.P.A.,2273,0.0,0,0,0
BRIVIO & VIGANO' LOGISTICS S.R.L.,0,0.0,0,0,0
IMPRESA EDILE MARIANI S.R.L.,0,0.0,0,0,0
CAUVIN METALS S.R.L.,1236,0.0,0,0,0
APTACA S.P.A.,102,0.0,0,0,0
AGORA' NETWORK SOCIETA' CONSORTILE A R.L.,453,0.0,0,0,0
FRASCOLLA S.R.L.,2145,0.0,0,0,0
SELI MANUTENZIONI GENERALI S.R.L.,698,0.0,0,0,0
MAGIC M.P. - S.P.A.,0,0.0,0,0,0
MARTE SPA,0,0.0,0,0,0
MIRETTI S.R.L.,3153,0.0,0,0,0
MERIDIANI S.R.L.,4016,0.0,0,0,0
TAGLIABUE GOMME GROSS S.R.L.,1365,0.0,0,0,0
ABB E-MOBILITY S.P.A.,0,0.0,0,0,0
AZ PNEUMATICA SRL,55,0.0,0,0,0
HOSES TECHNOLOGY S.P.A.,5141,0.0,0,0,0
TAMOIL ITALIA S.P.A.,170,0.0,0,0,0
R. & C. TERMOIDRAULICA S.R.L.,1145,0.0,0,0,0
CAL S.R.L.,1875,0.0,0,0,0
LEROY MERLIN ITALIA S.R.L.,5,0.0,0,0,0
