1;EDISON S.P.A.;28.077.516.916;;Nicola Monti;Giovanna Marzolla;Ronan Lory;Giorgio Colombo;;Lorenzo Mottura ;;;;;;;;
2;ENGIE ITALIA SPA;13.686.802.590;;Monica Iacono;Laura Masi;Arnaud Prevot;Sara Callegari;;;;;;;;;;
3;TELECOM ITALIA SPA O TIM S.P.A.;12.097.644.713;;Pietro Labriola;Marco Branchi;Adrian Calaza;;;;;;;;;;;
4;EDISON ENERGIA S.P.A.;10.319.213.703;;;;;;;;;;;;� edison spa ?;;;
5;ESSELUNGA SPA;8.534.225.941;;Marina Sylvia Caprotti;Roberto Selva;Albino Rocca;Paolo Ernesto Conte;;;;;;;;;;
6;ENI PLENITUDE S.P.A. SOCIETA' BENEFIT;7.962.417.817;;Stefano Goberti;;Nicola Giorgi;Federico Rulfi;;;;Pietro Galizzi;;;;;;
7;A2A ENERGIA S.P.A.;7.849.720.942;;Renato Mazzoncini;Corrado Mizzoni;Luca Moroni;Mauro Ghilardi;;;;;;;;;;
8;SONATRACH RAFFINERIA ITALIANA S.R.L.;7.234.373.734;;;;;;;;;;;;;;;
9;TAMOIL ITALIA S.P.A.;6.395.599.896;;Taher El Mahjoub;Silvia Gadda;;Margherita Patera;;;;;;;;;;
10;SORGENIA S.P.A.;6.304.901.075;;Michele Enrico De Censi;Andrea Casalgrandi;Andrea Mezzogori;Chiara Corbellini;;;;;;;;;;
11;REPOWER ITALIA S.P.A.;6.257.830.196;;Roland Leuenberger;Lucia Trevisani;Lorenzo Trezzini;Sabrina Borsani;;;;;;;;;;
12;ACCIAIERIE D'ITALIA S.P.A.;5.426.929.109;;Lucia Morselli;;Alberto Pezzani;Andrea Paolo Colombo;Andrea Bellicini;;;;;;;;;
13;VERSALIS S.P.A.;4.753.104.967;;Adriano Alfani;Fabio Assandri;Rosario Letizia;Angelo Crescenzi;Paolo Baldrati;;;;;;;;;
14;PIRELLI TYRE SPA;4.366.194.646;;Andrea Casaluci;Donatella di Fidio;Fabio Bocchio;Davide Sala;Mattia Bussacchini;;;;;;;;;
15;WIND TRE S.P.A.;4.246.000.000;;Gianluca Corti;Tommaso Vitali;Stefano Invernizzi;Rossella Gangi;Maurizio Sedita;;;;;;;;;
16;SORGENIA TRADING S.P.A.;4.017.152.173;;;;;;;;;;;;;;;
17;LUXOTTICA GROUP SPA;3.954.086.526;;Francesco Milleri;Francesco Liut;Stefano Grassi;Piergiorgio Angeli;;;;;;;;;;
18;GS SPA;3.843.531.658;;Cristophe Rabatel;Roberto Bellinzona;Domenico Mammola;Greta Bonsignore;Michele Stefanoni;;;;;;;;;
19;ALPIQ ENERGIA ITALIA S.P.A.;3.616.328.126;;Massimiliano Bignami;Vanessa Bufone;Chiara Caressa;Sara Tommasei;Gianluca Raccuia;;;;;;;;;
20;ACCIAIERIA ARVEDI S.P.A.;3.593.994.943;;Mario Cadonazzo;Mattia Sala;Massimo Polli;Guido Penasa;Fabio Baldrighi;;;;;;;;;
21;E.ON ENERGIA S.P.A.;3.252.122.011;;Emilio Calicchio;Luca Conti;"DermotFleischmann";Martina Ganzarolli;"AnnettePeters";;;;;;;;;
22;SAIPEM S.P.A.;3.012.263.577;;Alessandro Puliti;;Paolo Calcagnini;Massimiliano Branchi ;Fabrizio Botta;;;;;;;;;
23;BMW ITALIA SPA;2.711.065.256;;Massimiliano Di Silvestre;Carlo Poala;Paolo Magnani;Camilla Mascini;Gianluca Durante;;;;;;;;;
24;SHELL ENERGY ITALIA S.R.L.;2.635.507.458;;Joao Santos Rosa;Massimiliano Mannino;Mario Figini;;;;;;;;;;;
25;ACCENTURE S.P.A.;2.625.091.137;;Mauro Macchi;Paola Mascaro;Ivo Aiello;Rita Chierichetti;Roberta Esposito;;;;;;;;;
26;PRADA S.P.A.;2.509.323.626;;Andrea Guerra;Marta Michetti;Andrea Bonini;Rosa Santamaria Maurizio;;;;;;;;;;
27;SAMSUNG ELECTRONICS ITALIA S.P.A.;2.520.687.177;;Sung Taek Lim;Emanuele De Longhi;;Marco Petrillo;Stefano Conforto;;;;;;;;;
28;FASTWEB SPA;2.580.310.599;;Walter Renna;Michele Sarzana;Peter Gr�ter;Matteo Melchiorri;Fabrizio Casati;;;;;;;;;
29;ALPHA TRADING S.P.A.;2.416.220.250;;Adriano Parodi;;;;;;;;;;;;;
30;SNAM RETE GAS S.P.A. O, IN FORMA ABBREVIATA SNAM RG S.P.A.;2.521.337.531;;Stefano Venier;Luca Trusiani;Luca Passa;Fabrizio Rutschmann;Gaetano Mazzitelli;;;;;;;;;
31;ABB S.P.A.;2.603.111.745;;Simona Alberini;Fabrizio Lorito;Stefano Valgimigli;Silvia Parma;;;;;;;;;;
32;ADECCO ITALIA SPA;2.339.629.212;;Daniele Bonfanti;Virginia Stagni;Stefano Geronzi;Monica Magri;Gianluca Andraghetti;;;;;;;;;
33;EDENRED ITALIA S.R.L.;2.369.655.252;;Fabrizio Ruggiero;Cristina Vergani;Olivier Raguis;Michele Riccardi;Mirsad Muriqi;;;;;;;;;
34;COOP CONSORZIO NORD OVEST SOC. CONSORTILE A R.L.;2.197.213.442;;Maura Latini;;;Stefano Micheletti;;;;;;;;;;
35;RANDSTAD ITALIA S.P.A.;2.168.250.850;;Marco Ceresa;Angela Tenerelli;Anna Fabbri;Paola Molaschi;;;;;;;;;;
36;SKY ITALIA - S.R.L.;2.105.154.000;Mariani =CCO (consumer);Andrea Duilia;Eleonora Frasca;Barbara Cavaleri;Alessandra Borromini;Elia Mariani;;;;;;;;;
37;GAZPROM ITALIA S.P.A.;2.057.868.821;;;;;;Federico Caimo;;;;;;;;;
38;CENTREX ITALIA S.P.A.;2.038.473.501;;Michele Libutti;;Daniele Renna;Lorena Putaggio (??);;;;;;;;;;
39;ARCELORMITTAL COMMERCIAL ITALY SRL;2.013.744.790;stesso management per tutto il gruppo di arcelor acciaierie d'italia?;;;;;;;;;;;;;;
40;IKEA ITALIA RETAIL S.R.L.;2.006.840.565;;Nicoletta Basile;Laura Schiatti;Fabio Frisella;;Nicoletta Basile;;;;;;;;;
41;"""REPOWER VENDITA ITALIA S.P.A."" - IN FORMA ABBREVIATA ""REPOWER S.P.A.""";1.931.476.570;gi� inserito;;;;;;;;;;;;;;
42;TECNIMONT S.P.A.;1.946.812.958;Fritelli e Nidasio in 'Maire tecnimont' (?);Alessandro Bernini;Chiara Nidasio;Fabio Fritelli;Laura Mannheimer;Massimo Sicari;;;;;;;;;
43;SORGENIA POWER S.P.A.;1.880.918.074;gi� inserito;;;;;;;;;;;;;;
44;WEBUILD S.P.A.;2.062.329.446;;Pietro Salini;Michele Cal�;Massimo Ferrari;Raffaele Rossetti;;;;;;;;;;
45;PHILIP MORRIS MANUFACTURING & TECHNOLOGY BOLOGNA S.P.A;1.894.151.266;;;;;;;;;;;;;;;
46;METRO ITALIA S.P.A.;1.776.876.555;;Arnoud J. van Wingerde;;Rossana Mauri;Francesca Zago;Luca Guerrieri;;;;;;;;;
47;LEROY MERLIN ITALIA S.R.L.;1.837.013.459;;Giannalberto Cancemi;Sebastien Savariau;Simona Sanci;Fabrizio Leopardi ;;;;;;;;;;
48;ENI ANGOLA S.P.A.;3.394.522.396;?;;;;;;;;;;;;;;
49;IPER MONTEBELLO S.P.A.;1.756.903.372;;;;;;Michela Bettoni;;;;;;;;;
50;UNOENERGY SOCIETA' PER AZIONI;1.646.400.901;;Nicola Masiero;Anna Bellando;Alessandro Michele Calandriello;Purificacion Valiente Fernandez;;;;;;;;;;
51;AUTOTORINO S.P.A.;1.642.860.499;;;Michele Della Cagnoletta;Stefano Martinalli;Enrico Garnero;;;;;;;;;;
52;GI GROUP S.P.A.;1.669.103.852;;Stefano Colli-Lanzi;Elena Sensi ;Nicola Dell'Edera;Barbara Cottini;;;;;;;;;;
53;ADI ENERGIA S.R.L.;1.628.398.643;;;;;;;;;;;;;;;
54;PUBLITALIA 80 CONCESSIONARIA PUBBLICITA S.P.A. E IN FORMA ABBREVIATA PUBLITALIA 80 S.P.A.;1.587.934.661;;Stefano Sala ;Matteo Cardani;;;Federico Peluso;;;;;;;;;
55;BRICOMAN ITALIA S.R.L.;1.536.803.163;tecnomat?;Maria Tamborra;Federico Stecchi;Michele Cuoccio ;Paolo Galante;Federico Stecchi;;;;;;;;;
56;MANPOWER S.R.L.;1.552.043.860;Cartoccio = brand manager;Anna Gionfriddo;Andrea Cartoccio;Giovanna Fontana ;Ilaria D'Aquila;Massimo Prester;;;;;;;;;
57;BENNET S.P.A.;1.676.110.607;;Adriano De Zordi;Riccardo Ranucci;Emma Berardi;Eustachio Tarquinio;Roberto Polloni;;;;;;;;;
58;GIORGIO ARMANI S.P.A.;1.520.434.529;;Giuseppe Marsocci;;;;;;;;;;;;;
59;SIEMENS S.P.A.;1.467.351.530;;Floriano Masoero;Marco Latorre;Ricardo Arglebe;Eirini Karamani;;;;;;;;;;Raffaella Vincenzo
60;INNOMOTICS SRL;1.467.351.530;Macri direttore area sales;Piero Millevoi;;Augusto Rancan;;Ilaria Macri;;;;;;;;;
61;SASOL ITALY S.P.A.;1.669.583.339;;;;;;;;;;;;;;;
62;DHL EXPRESS (ITALY) S.R.L.;1.439.817.817;Serra e Papetti:DHL global forwarding;Nazzarena Franco;Giulio Serra;Rossana Papetti;Paolo Coppari;Carolina Mariani;;;;;;;;;
63;SANOFI S.R.L.;1.384.466.722;;Marcello Cattani;Roberta Caimi;;Giampiero Martina;Roberta Caimi;;;;;;;;;
64;INDUSTRIES S.P.A.;1.351.045.424;;;;;;;;;;;;;;;
65;"""NOVARTIS FARMA SPA""";1.547.861.848;;;;;;;;;;;;Valentino Confalone;;;
66;FIBERCOP S.P.A.;1.348.267.722;;Carlo Filangieri;Vanda Di Foggia;Gabriele Mandurino;Daniela Casale;Vanda Di Foggia;;;;;;;;;
67;PENNY MARKET S.R.L.;1.413.217.754;;;;;;;;;;;;;;;
68;WHIRLPOOL MANAGEMENT EMEA SRL;1.316.388.845;(ceo usa);Alessandro Perucchetti;Roberto Grimaldi;Luigi Lanotte;;Raffaele Contini;;;;;;;;;
69;IBM ITALIA S.P.A.;1.346.373.300;;Stefano Rebattoni;Maurizio Decollanz;Marco Ragona;;;;;;;;;;;
70;SCHENKER ITALIANA SPA;1.283.717.084;;Federico Girgenti;Alessandro Castelli;Martino Caroli;Stefano Montanari;Marco Villano;;;;;;;;;
71;BASELL POLIOLEFINE ITALIA S.R.L.;1.338.180.291;;;;;;;;;;;;;;;
72;WEBUILD ITALIA SPA;1.287.679.573;;Pietro Salini;Giuseppe Gugliotta;;;;;;;;;;;;
73;JANSSEN CILAG S.P.A.;1.347.930.971;;Massimo Scaccabarozzi;;Marco Martelli;Cosimo De Nigris;Paolo Beloni;;;;;;;;;
74;DHL GLOBAL FORWARDING (ITALY) S.P.A.;1.253.132.935;;Mario Zini;;;;;;;;;;;;;
75;PRYSMIAN POWERLINK S.R.L.;1.239.272.016;;Valerio Battista;;Pier Francesco Facchini;Fabrizio Rutschmann;;;;;;;;Massimo Battaini;;
76;AMAZON ITALIA TRANSPORT S.R.L.;1.221.953.522;;Lorenzo Barbo;Myriam Galletti;Sonja Rotondaro;Paola Tomatis;;;;;;;;;;
77;TD SYNNEX ITALY S.R.L.;1.210.878.627;;;;;;;;;;;;;;;
78;IPERAL SUPERMERCATI S.P.A.;1.200.233.870;Vettore digital marketing;Antonio Tirelli;Claudio Vettore;;Angelo Moscatelli;;;;;;;;;;
79;RETITALIA S.P.A.;1.193.116.206;;Paolo Dal Lago;Eleonora Scarpa;;;Emilio Pagano;;;;;;;;;
80;T.D.M. S.R.L.;1.178.864.112;;;;;;;;;;;;;;;
81;MICROSOFT S.R.L.;1.182.846.933;;Vincenzo Esposito;Matteo Mille;Nicola Boschetti;Angela Paparone;Matteo Mille;;;;;;;;;
82;AGORA' NETWORK SOCIETA' CONSORTILE A R.L.;1.192.507.278;;;;;;;;;;;;Massimo Ebelli;;;
83;COCA-COLA HBC ITALIA S.R.L.;1.208.051.262;;Miles Karemacher;Laura Negri;Nadine Relave;Anna La Gamba;Salvatore Canale;;;;;;;;;
84;RIALTO S.P.A.;1.258.380.130;;;;;;;;;;;;;;;
85;SERVIZI ENERGIA ITALIA S.P.A.;1.142.422.256;;;;;;;;;;;;;;;
86;FEDEX EXPRESS ITALY S.R.L.;1.136.037.218;;;Giulia Fontana;;Stefano Pierini;Giancarlo Bellavista;;;;;;;Giovanni Galliani;;
87;SOLVAY SPECIALTY POLYMERS ITALY S.P.A.;1.259.941.495;;;;;;;;;;;;;;;
88;UNES MAXI S.P.A.;1.102.528.209;;Rossella Brenna;Roberto Lippi;;;;;;;;;;;;
89;"EGIDIO GALBANI SOCIETA' A RESPONSABILITA' LIMITATA IN BREVE ""EGIDIO GALBANI S.R.L."" O ""E.GA. S.R.L.""";1.097.512.887;;;Gianluigi Crovini;;Martina Maganuco;;;;;;;;;;
90;MET ENERGIA ITALIA S.P.A.;1.064.123.427;;Giuseppe Rebuzzini;;Claudio Macchioni;;Cristiano Ferrari;;;;;;;;;
91;J.A.S. JET AIR SERVICE SPA;1.051.635.726;;;;;;;;;;;;;;;
92;"PARMALAT S.P.A. IN FORMA ABBREVIATA ""PLT S.P.A.""";1.083.611.171;;;;;;;;;;;;;;;
93;AMAZON ITALIA LOGISTICA S.R.L.;1.041.597.232;;;;;;;;;;;;;;;
94;SIRAM S.P.A.;1.043.939.897;;Emanuela Trentin;Maria Vittoria Pisante;Samuel Champion;Emanuela Teatini;;;;;;;;Paolo Maltese;;
95;COOP LOMBARDIA SOCIETA' COOPERATIVA;1.036.706.020;;;Alberto Bruno;Enrico Cappelli;Luca Rizzardi;;;;;;;;;;
96;HUAWEI TECHNOLOGIES ITALIA S.R.L.;992.976.230;;Wilson Wang;Giulia Romano;Massimo Piacentini;;Annie Wang;;;;;;;;;
97;SMURFIT KAPPA ITALIA S.P.A.;1.043.998.067;;Gianluca Castellini;;Lorenzo Falchero ;Elena Franzosi;Stefano Verre ;;;;;;;;;
98;KUEHNE + NAGEL S.R.L.;971.799.363;Poli � Italy Managing Director ;Ruggero Poli;Alessandro Castelli ;Michele Panerio;Marilena Dalla Patti;Alessandro Castelli;;;;;;;;;
99;DSV S.P.A.;938.174.895;;Davide Uracchi;;;Laura Manzoni;;;;;;;;;;
100;MYLAN ITALIA S.R.L.;941.637.841;;;;;;;;;;;;;;;
101;VALENTINO S.P.A.;925.325.222;;Jacopo Venturini;Christian Von Martens;Alberto Fasanotti;Fabrizio Bolognino;;;;;;;;;;
102;ILIAD ITALIA S.P.A.;1.013.906.779;;Benedetto Levi;Roberta Colella;Andrea Traverso;Luca Cinquetti;Francesca Piro;;;;;;;;;
103;HP ITALY S.R.L.;921.045.504;;Giampiero Savorelli;Micol Padoan;;Paolo Emilio Testa;Antonio Pastore;;;;;;;;;
104;UNITED PARCEL SERVICE ITALIA SRL;923.017.648;;Francisco Conejo;Lotta Vikman;Romina Lorenzo ;Laura Guzzetti;Pier Luigi Vincenzi;;;;;;;;;
105;ENIPOWER SPA;928.320.357;;Rita Marino;;Giuseppe Zaniboni;Raffaele Trezzi;;;;;;;;;;
106;NESTLE' ITALIANA S.P.A. IN FORMA ABBREVIATA NE.IT. S.P.A.;909.292.104;;Marco Travaglia;Paolo Pisani;;Giacomo Piantoni;Valerio d'Ovidio;;;;;;;;;
107;INGRAM MICRO S.R.L.;971.126.396;;Antonio Masenza;Eleonora Masu;Luca Farina;Pietro Viccardi;Francesco Negri;;;;;;;;;
108;SNAITECH S.P.A.;896.092.547;;Fabio Schiavolin;Riccardo Bartola;Chiaffredo Rinaudo;Lavinia Pupelli;;;;;;;;;;
109;VOLVO GROUP ITALIA S.P.A.;887.318.502;;Michele Crisci;Chiara Angeli;;;Chiara Angeli;;;;;;;;;
110;G.A. OPERATIONS S.P.A.;911.800.751;;Mauro Beretta;;Lorenzo Bersani;Laura Checchinato;;;;;;;;;;
111;CAMBIELLI S.P.A.;888.772.111;;;;;;;;;;;;;;;
112;HYUNDAI MOTOR COMPANY ITALY S.R.L.;890.962.973;;Andrea Crespi;Pier Paolo Greco;Stefano Vincis ;Gabriele Costantino ;;;;;;;;;;
113;BIG S.R.L.;865.894.241;;;;;;;;;;;;;;;
114;INFRASTRUTTURE WIRELESS ITALIANE S.P.A. O, IN FORMA ABBREVIATA, INWIT S.P.A.;853.076.894;;Diego Galli;Gabriele Abbagnara;Emilia Trudu;Donatella Colantoni;Lucio Golinelli;;;;;;;;;
115;HENKEL ITALIA S.R.L.;870.819.154;;Mara Panajia;Francesca D'Angelo - Valente;Giancarlo Dalbesio;Alberto Moschetti;Massimiliano Casali;;;;;;;;;
116;SO.FARMA.MORRA S.P.A.;864.269.381;;;Imma Cirillo;Luciano Esposito;Silvia Dea Grosso;Agnese Cerchia;;;;;;;;;
117;PROMETEON TYRE GROUP S.R.L IN FORMA ABBREVIATA PTG S.R.L.;854.943.971;;;;;;;;;;;;;;;
118;MONDELEZ ITALIA S.R.L.;851.012.853;;Silvia Bagliani;Francesco Meroni;Luca Zaramella;Roberta Candileno;Marco Gavazzi;;;;;;;;;
119;RIVA ACCIAIO S.P.A.;825.875.967;;;;;;;;;;;;;;;
120;KIA ITALIA S.R.L.;852.436.659;;Key Young Choi;Giuseppe Mazzara;Yongjin Park;Chiara Radice;Giuseppe Bitti;;;;;;;;;
121;DOMPE' FARMACEUTICI - S.P.A.;855.956.590;;;;;;;;;;;;;;;
122;EUSIDER S.P.A.;839.499.079;;Giacomino Anghileri;Michele Poliseno;;Michela Ambrosoni;Stefano Ballabio;;;;;;;;;
123;MARELLI EUROPE S.P.A.;986.783.162;;;;;;;;;;;;;;;
124;GOOGLE ITALY S.R.L.;825.253.405;;Melissa Ferretti Peretti;Vincenzo Riili;;Fiona Cicconi;Cristina Fabi;;;;;;;;;
125;MAPEI S.P.A.;870.137.545;;Marco Squinzi;Stefano Ranghieri;Daniele Arnone;Laura Bosser;;;;;;;;;;
126;DOW ITALIA DIVISIONE COMMERCIALE S.R.L.;816.307.126;;;Massimo Montecchi;;Maria Cristina Minguzzi;Giovanni Ciceri;;;;;;;;;
127;CONSORZIO NAZIONALE PER LA RACCOLTA, IL RICICLO E IL RECUPERO DEGLI IMBALLAGGI IN PLASTICA;873.046.941;;;;;;;;;;;;;;;
128;DUSSMANN SERVICE S.R.L.;799.533.242;;Renato Spotti;Renato Spotti;Oscar Pappalardo;Claudia Gamba;Renato Spotti ;;;;;;;;;
129;TRENORD S.R.L.;839.889.083;;Marco Giovanni Piuri;Paolo Bellingreri;Alessandro D'Elia;Andrea Del Chicca;Leonardo Cesarini;;;;;;;;;
130;AZIENDA TRASPORTI MILANESI S.P.A. IN FORMA ABBREVIATA A.T.M. S .P.A.;978.751.206;;Arrigo Giana;Sergio Massari;Germana Montroni;Luca Ledda;Fabrizio Pelagatti;;;;;;;;;
131;L'OREAL ITALIA S.P.A.;802.275.784;;Ninell Sobiecka;Guillaume Perrin;Lorenzo Vitale;Adolfo Martini;Francesca Avagliano;;;;;;;;;
132;BRENNTAG SPA;758.717.580;;Ignazio Giuseppe Vullo;Giovanni Broscritto;Domenico Manag�;Andrea Prosperi;;;;;;;;;;
133;CARGILL S.R.L.;782.466.543;managing director;Luca Borgatti;Matteo Mantiero;;Andreina Grisolia;Serena Guariniello;;;;;;;;;
134;ARROW ELECTRONICS ITALIA S.R.L.;759.996.168;country manager;Michele Puccio;Daniela Bazzanella;;Lucia Vargiu;Massimo Marino;;;;;;;;;
135;MEDTRONIC ITALIA S.P.A.;774.511.321;;Paola Pirotta;Maurizio Binetti;Paola Pirotta;Alessandra Sama;Valerio Corteggiani;;;;;;;;;
136;SOLVAY ENERGY SERVICES ITALIA S.R.L.IN FORMA ABBREVIATA SES ITALI A SRL;730.038.371;;Nicolas Dugenetay;;;Claudia Degioannini;Daniele Ravasio;;;;;;;;;
137;SOCIETA' PER AZIONI ESERCIZI AEROPORTUALI S.E.A.;766.939.728;;Armando Brunini;;Patrizia Savi;Roberta D'Agostino;Cristiano Galli;;;;;;;;;
138;BAYER S.P.A.;941.334.187;;Monica Poggio;Sara Fumagalli;Valerie Baroin;Maria Luisa Sartore;Fabrizio Poletti;;;;;;;;;
139;OPENJOBMETIS SPA AGENZIA PER IL LAVORO;741.579.235;;Rosario Rasizza;;Alessandro Esposti;Marina Crespi;Laura Piccolo;;;;;;;;;
140;YARA ITALIA S.P.A.;802.011.802;;Antonio Larosa;Fabrizio Zodo;Miki Grandizio;Alessandro Carsili;Mario Balzano;;;;;;;;;
141;STOCCAGGI GAS ITALIA SPA O IN FORMA ABBREVIATA STOGIT SPA;735.435.779;Morea e Passa--> Snam spa;Massimiliano Erario;;Luca Passa;Gaetano Morea;;;;;;;;;;
142;WORLD FUEL SERVICES ITALY S.R.L.;715.971.896;"Andrea Giovanni = Europe; Rossetti � senior manager global";Andrea Giovanni;;Aurelio Rossetti;;;;;;;;;;;
143;"""ITALCEMENTI"" FABBRICHE RIUNITE CEMENTO - SOCIETA' PER AZIONI - BERGAMO IN FORMA ABBREVIATA ITALCEMENTI S.P.A.";730.029.939;;Roberto Callieri;;Roberto Tasca;Giuseppe Agate;Stefano Roncan;;;;;;;;;
144;LOUIS VUITTON ITALIA S.R.L.;744.222.407;;Pietro Beccari;Michela Furlanetto;Massimo Orlandi;Elisabetta De Sandre;Francesca Maresi;;;;;;;;;
145;FINELEX SOCIETA' CONSORTILE PER AZIONI;697.600.313;;Michele Aloise;;;;;;;;;;;;;
146;2I RETE GAS S.P.A.;1.357.939.803;;Francesco Forleo;;Antonio Pettini;Maria Rosaria Brunetti;;;;;;;;;;
147;ACS DOBFAR SPA;728.114.744;;Carlo Vergani;;Daniele Pirovano;Claudia Fontanini;Paolo Passoni;;;;;;;;;
148;POSCO INTERNATIONAL ITALIA SRL;685.819.866;;Giorgio Citterio;Roberto Magri;;;Elena Rossi;;;;;;;;;
149;A2A ENERGIEFUTURE S.P.A.;693.765.572;;Renato Mazzoncini;Corrado Mizzoni;Luca Moroni;Mauro Ghilardi;;;;;;;;;;
150;PELLEGRINI S.P.A.;685.267.120;;Ernesto Pellegrini;Tea Della Pergola;Franco Castagna;Antonio Gallo;Valentina Bonecchi;;;;;;;;;
151;INTALS S.P.A.;679.639.663;;Marco Vedani;;Fabio Tordera;;Alessandro Colla;;;;;;;;;
152;TOTALENERGIES MARKETING ITALIA S.P.A.;672.507.305;Palumberi = accounting manager;Marco Pannunzio;Mauro Mosca;Vincenzo Palumberi;;Francesco Zingarelli;;;;;;;;;
153;APPLE RETAIL ITALIA S.R.L.;674.613.165;cro vacante;Daniele Bargellini;Silvio Tacchi;;Luca De Simone;;;;;;;;;;
154;MANUFACTURES DIOR S.R.L.;703.213.191;;Marco Sannino;;;Valentina Brodetto;;;;;;;;;;
155;LA RINASCENTE S.P.A;763.714.614;;Pierluigi Cocchini;Federica Mastroianni;Mariella Elia;Raffaella D'Agosto;Emanuela Zemiti;;;;;;;;;
156;OSPEDALE SAN RAFFAELE S.R.L.;766.512.652;Ballotta = direttore promozione e sviluppo;Marco Centenari;Pietro Ballotta;Massimo Angelucci;Carlotta Napolitano;;;;;;;;;;
157;SISAL ENTERTAINMENT S.P.A.;629.254.272;;Francesco Durante;Davide Nova;Corrado Orsi;Francesca Ferrari;;;;;;;;;;
158;ASTRAZENECA S.P.A.;697.823.351;;Claudio Longo;;Gianmarco Serran�;Maria Angela Lentini;;;;;;;;;;
159;ITT ITALIA S.R.L.;692.859.676;;Luca Savi;;Pinuccia Bignami;Marco Di Pierri;Giacomo Scaramuzzi;;;;;;;;;
160;FAI SERVICE SOCIETA' COOPERATIVA;657.773.263;;Roberto Mercuri;Elodie Thiery;Luca Di Pasquale;;Piotr Skop;;;;;;;;;
161;C.O.I.M. S.P.A. - CHIMICA ORGANICA INDUSTRIALE MILANESE;625.495.557;;Giuseppe Librandi;Luca Gianzini;Silvia Perrucci;Michela Donesana;Andrea Sala;;;;;;;;;
162;AMAZON ONLINE ITALY S.R.L.;605.899.647;il top management pare NON essere diviso per singola societ�, ma corrisponde al gruppo Amazon;;;;;;;;;;;;;;
163;VITERRA ITALY S.R.L.;611.539.311;;Maurice Bensadon;;Fortuna Guariglia;Fabiana De Rosa;;;;;;;;;;
164;LG ELECTRONICS ITALIA S.P.A.;597.329.801;;Sung Soo Kim;Alice Brambilla;;Giuseppe Dallone;Luca Russo;;;;;;;;;
165;RODACCIAI S.P.A.;655.385.106;;Gianluca Roda;;Davide Arnaboldi;Mauro Califano;Eleonora Martino;;;;;;;;;
166;A2A GENCOGAS S.P.A.;594.938.071;gruppo a2a;;;;;;;;;;;;;;
167;AIR LIQUIDE ITALIA PRODUZIONE SRL;739.801.527;;Edouard Neyrand;Claudia Lamura;Pietro Baietta;;Alessio Bellino;;;;;;;;;
168;NICHEL LEGHE SPA;564.233.528;;Fulvio Orselli;;;;;;;;;;;;;
169;TRANS TUNISIAN PIPELINE COMPANY S.P.A.;577.536.583;;;;;;;;;;;;;;;
170;STILL S.P.A.;576.896.677;;Angelo Zanotti;;;;;;;;;;;;;
171;FALCK NEXT ENERGY S.R.L.;601.893.489;;Marco Cittadini;;;;;;;;;;;;;
172;HUMANITAS MIRASOLE S.P.A.;601.379.045;;;;;;;;;;;;;;;
173;H & M HENNES & MAURITZ S.R.L.;554.665.331;;Daniel Erv�r;Laura Saldamarco;;;;;;;;;;;;
174;PERFETTI VAN MELLE S.P.A.;565.595.633;;Sameer Suneja;;;;Marco Seregni;;;;;;;;;
175;"ITALATTE SOCIETA' A RESPONSABILITA' LIMITATA IN BREVE ""ITALATTE S .R.L.""";525.914.511;;;;;;;;;;;;;;;
176;GAS SALES S.R.L.;525.189.495;;Gianfranco Curti;;;;;;;;;;;;;
177;ALI GROUP S.R.L.;529.056.000;;Matteo Zironi;;;;Massimo Povelato;;;;;;;Massimo Guissani;;
178;RECORDATI INDUSTRIA CHIMICA E FARMACEUTICA S.P.A. IN BREVE RECORDATI S.P.A.;521.089.577;;Robert Koremans;;Luigi La Conte;Alessandra Abate;;;;;;;;;;
179;XIAOMI TECHNOLOGY ITALY S.R.L.;547.034.758;;LEI JUN;;;;;;;;;;;;;
180;EUROTRANCIATURA S.P.A.;539.460.208;;Marco Arduini;;isidoro  Guardal�;;;;;;;;;;;
181;PREGIS S.P.A.;507.659.368;;David Timm;Anthony Micolitti;;;;;;;;;;;;
182;WHIRLPOOL ITALIA S.R.L.;497.100.000;vedi riga 68;;;;;;;;;;;;;;
183;SG S.P.A.;501.842.786;;;;;;Luigi Imperatrice;;;;;;;;;
184;PRYSMIAN CAVI E SISTEMI ITALIA S.R.L.;504.615.625;;VALERIO BATTISTA;;PIER FRANCESCO FACCHINI;;;;;;;;;;;
185;ABB E-MOBILITY S.P.A.;570.946.723;;Michael Halbherr;;Andreas Wenzel;;;;;;;;;Francesco Mennucci;;
186;JT INTERNATIONAL ITALIA S.R.L.;495.242.113;;Eddy Pirard;NATASA MILOSEVIC;VASSILIS VOVOS;GUERGANA ANDREEVA;Stefan Fitz;;;;;;;;;
187;ADAMANT BIONRG S.R.L.;493.973.256;;Riccardo Marchetti;;Roberto Straforini;;Joaquin Varela;;;;;;;;;
188;RIZZOLI CORRIERE DELLA SERA MEDIAGROUP SPA O IN FORMA ABBREVIATA RCS MEDIAGROUP SPA O RCS S.P.A.;528.251.606;;Urbano Cairo;Marco Quattrone;Marco Pompignoli;;;;;;;;;;;
189;ROLEX ITALIA S.P.A. IN BREVE ROL.IT. S.P.A.;489.287.358;;Gian Riccardo Marini;;;;;;Luca Rota;;;;;;;
190;SIRTI - SOCIETA' PER AZIONI;511.333.787;;Laura Cioli;;Sara Bertolini;Clemente Perrone;Luca Corti;;;;;;;;;
191;GILEAD SCIENCES S.R.L.;488.996.722;;Frederico Da Silva;Michele Cal�;Marco Moriero;Silivia Miliani;Michele Cal�;;;;;;;;;
192;EPTA S.P.A.;525.663.742;;Marco Nocivelli;Christian Le Gousse;Massimo Albertario;Gessica Perego;Christian Le Gousse;;;;;;;Gennaro Gentile;;
193;INSTRUMENTATION LABORATORY S.P.A.;499.827.498;;Carlos Pascual;;Maurizio Garancini;Mariella Scuderi;;;;;;;;;;
194;"""ANHEUSER - BUSCH INBEV ITALIA SPA"" OVVERO IN FORMA ABBREVIATA ""AB INBEV ITALIA SPA""";483.387.116;;Ief Timmermans;;Antonio Frascogna;Antonietta Landi;;;;;;;;;;
195;CEPAV (CONSORZIO ENI PER L'ALTA VELOCITA')DUE;473.821.520;vedi eni;;;;;;;;;;;;;;
196;JUNGHEINRICH ITALIANA SRL;477.031.200;;Flavio castelli;Laura Dordoni;;;Laura Dordoni;;;;;;;;;
197;AGRIFARMA SPA;505.798.109;;Nicol� Galante;;Alessandro Strati;Giuliano Stronati;;;;Denise Tesconi;;;;;;
198;ACCENTURE TECHNOLOGY SOLUTIONS S.R.L.;465.762.783;;;;Alessandro Marin;;;;;;;;;;;
199;HEWLETT-PACKARD ITALIANA S.R.L.;465.018.515;;Antonio Neri (AD: Claudio Bassoli);Roberto Lorenzini;;Sonia Stucchi;Emanuele Bordone;;;;;;;;;
200;CIP LOMBARDIA SRL;459.899.464;;Pierangelo Santelli;;;;;;;;;;;Marcello Del Vecchio;;
201;3M ITALIA S.R.L.;473.710.890;;Laura Galli;;;;Alessandro Lofoco;;;Paolo Mazzoni;;;;;;
202;OPEN FIBER S.P.A.;483.188.000;;Giuseppe Gola;;Andrea Crenna;Romina Chirichilli;;;;;;;;;;
203;ENGINEERING 2K S.P.A.;449.002.481;;Antonio Schinardi;;Daniele Brambilla;;;;;;;;;;;
204;RECKITT BENCKISER COMMERCIAL (ITALIA) S.R.L.;456.779.218;;Renato Corbetta;Yvette Younes;;Ana Afteni;Lorenzo Brosio;;;;;;;;;
205;ENI REWIND S.P.A.;514.122.340;;Paolo Grossi;;Marcello Corsaro;Luca Notarmuzi;;;;;;;;;;
206;ROBERT BOSCH S.P.A.;514.673.758;vedi riga 220;;;;;;;;;;;;;;
207;TOTALENERGIES EP ITALIA S.P.A.;620.958.318;;Philip Cunningham;;;;;;;;;;;;;
208;DATAMATIC S.P.A.;444.982.429;;stefano Martini;;Daniele Riviera;;Mauro Di Fiore;;;;;;;;;
209;"GLAXOSMITHKLINE CONSUMER HEALTHCARE S.R.L. IN BREVE ""GLAXOSMITHKLINE CH S.R.L."", ""GSK CONSUMER HEALTHCARE S.R.L."", ""GSK CH S.R.L.""";442.703.132;;Fabio Landazabal;;;;;;;;;;;;;
210;APERAM STAINLESS SERVICES & SOLUTIONS ITALY SRL;443.226.840;;Timoteo Di Maulo;;;;Alexia Pasquino;;;;;;;;;
211;FEDERFARMA.CO DISTRIBUZIONE E SERVIZI IN FARMACIA S.P.A.;439.585.675;;Maurizio Stroppa;Alessandro Rosso;;;Luigi Perspicace;;;;;;;;;
212;ITALMATCH CHEMICALS S.P.A.;448.413.000;;Sergio Iorio;;Enrica Mambelli;Andrea Isaia;Adriano Costantini;;;;;;;;;
213;GRENKE LOCAZIONE S.R.L.;536.316.852;;;Domenico Luciano;Fabrizio Tripodo;Fabiana Carioli;;;;;;;;;;
214;ELIOR RISTORAZIONE S.P.A.;443.367.154;;Rosario Ambrosino;Ilaria Vitale;Nicolas Marco;Roberta Dilernia;;;;;;;;;;
215;PARTECIPAZIONI SOCIETA' ALIMENTARI S.R.L. O PIU' BREVEMENTE PARTESA S.R.L.;483.695.518;;Massimo Reggiani;;Matteo Scarpa;;Giovanni Marco Esposito;;;;;;;;;
216;SORGENIA PUGLIA S.P.A.;440.310.080;;Michele Enrico De Censi;;Nadia Prando;Rosalinda Mauro;;;;;;;;;;
217;OBI ITALIA S.R.L.;461.218.189;;Paolo Alemagna;;;;;;;;;;;;;
218;EDISON RINNOVABILI S.P.A.;438.881.487;vedi edison (riga 1);;;;;;;;;;;;;;
219;DOUGLAS ITALIA S.P.A.;440.302.000;;Fabio Pampani;;Marco Giorgetta;Francesco Caccavo;Paolo di Folca;;;;;;;;;
220;BOSCH REXROTH S.P.A.;434.036.169;;Steffen Haack;Riccardo Consonni;;Giovanna Ruta;;;;;;;;;;
221;FRUTTITAL S.R.L.;433.727.907;;Daniele Viti;Daniele Viti;;Alessandro Piccardo;Alessandro Canalella;;;;;;;;;
222;ENERGEAN ITALY S.P.A.;427.464.000;;Gaetano Annunziata;;Simone di Donato;Dania Lombardi;;;;Alessio Malavenda;;;;;;
223;CISCO SYSTEMS (ITALY) S.R.L.;462.640.556;;Gianmatteo Manghi;;;;;;;;;;;;;
224;ALTUGLAS S.R.L.;406.135.292;;;;;;;;;;;;;;;
225;SIEMENS HEALTHCARE S.R.L.;429.623.547;;Roberta Busticchi;Roberta Busticchi;;;;;;;;;;;;
226;ZAMBON S.P.A.;441.489.306;;Ilaria Villa;Mirko Merletti;Giovanni Magnaghi;Christina Anagnostopoulou;;;;;;;;;;
227;BUTAN GAS SPA;422.971.715;;Demetrio Moscato;Riccardo Rocco;Francesco Paolo Padula ;;;;;matteo Cimenti;;Marco Cattoni;;;;
228;MONCLER S.P.A.;418.706.683;;Remo Ruffini;Mina Piccinini;Mario Ruberto;Antonio Fornaroli;;;;;;;;;;
229;BKW ITALIA S.P.A.;421.172.758;;Raffaella Monzani;;;;;;;;;;;;;
230;AMPLIFON S.P.A.;420.602.148;vedi riga 259;;;;;;;;;;;;;;
231;SAINT-GOBAIN ITALIA S.P.A.;438.760.936;;Canio Celiberti;Fabio Damonte;;;;;;;;;;;;
232;TEVA ITALIA S.R.L.;421.350.865;;Umberto Comberiati;Giordana Cortinovis;Pasquale Vitagliani;;;;;;;;;;;
233;EY ADVISORY S.P.A.;426.489.770;vedi riga 270;;;;;;;;;;;;;;
234;GIORGIO ARMANI RETAIL S.R.L. IN FORMA ABBREVIATA G.A. RETAIL S.R.L.;484.861.858;vedi Giorgio Armani;;;;;;;;;;;;;;
235;OPTIMUM MEDIA DIRECTION S.R.L. IN BREVE OMD S.R.L.;408.196.390;;Guy Marks;;;Gina Ramson-Williams;;;;;;;;;;
236;TESLA ITALY S.R.L.;408.970.968;;Elon Musk;;;;;;;;;;;;;
237;PRIMARK ITALY S.R.L.;405.438.817;;Paul Marchant;;;Lorraine Culligan;;;;;;;;;;
238;SODEXO ITALIA S.P.A.;427.427.508;;Tommaso Palermo;;Victoria Sapojnic;;;;;;;;;;;
239;FACEBOOK ITALY S.R.L.;411.513.270;;Mark Zuckerberg;Alex Shultz;Susan Li;Lori Goler;;;;;;;;;;
240;DECATHLON PRODUZIONE ITALIA S.R.L.;403.055.756;gi� inserito in Monza;;;;;;;;;;;;;;
241;CAP HOLDING S.P.A.;429.880.860;;;;;;;;;;;;;;;
242;KOS CARE S.R.L.;408.039.157;;GIuseppe Motta;;Achille di Bernardo;Marianna Moser;;;;;;;;;;
243;MESSAGGERIE LIBRI S.P.A.;391.443.397;;Renato Salvetti;Stefano Bordigoni;;;;;;;;;;;;
244;GOLDEN GOOSE S.P.A.;387.890.715;;Silvio Campara;Danilo Piarulli (chief consumer officer);Paolo Dal Ferro (chief corporate officer);Ferdinando Speranza;;;;;;;;;Marco Neroni;
245;BRACCO IMAGING S.P.A.;448.414.179;;Diana Bracco;;Riccardo Scotton;;;;;;;;;;;
246;UNICOAL SPA;391.901.758;;Luca Eufemi;;;;;;;;;;;;;
247;SAPIO PRODUZIONE IDROGENO OSSIGENO SRL;437.151.917;;Mario Paterlini;Marco Tonini;Massimo Caviezel;Carlo Maria Raise;;;;;;;;;;
248;OLON S.P.A.;413.822.512;;Paolo Tubertini;;Alfio Mason;Silvia Bandini;;;;;;;;;;
249;MARS ITALIA S.P.A.;383.439.629;;Yesmin Ucelli;;;;;;;;;;;;;
250;BOEHRINGER INGELHEIM ITALIA - S.P.A.;381.001.687;;Morena Sangiovanni;;Christian Poehlking;Giacomo Cortese;;;;;;;;;;
251;ETJCA S.P.A.;388.050.907;;Guido Crivellin;;;;;;;;;;;;;
252;BIOGEN ITALIA S.R.L.;383.046.962;;Giuseppe Banfi;;Giuseppe Trotta;Cecilia Masserini;;;;;;;;;;
253;DHL SUPPLY CHAIN (ITALY) S.P.A.;418.667.997;;Antonio Lombardo;;;;;;Sergio Faranda;;;;;;;
254;AMGEN S.R.L.;371.972.828;;Soren Giese;;;;;;;;;;;;;
255;SEPHORA ITALIA S.R.L.;395.834.010;;;Silvia Granata;;Cecilia Molinari;;;;;;;;;;
256;SHELL ITALIA OIL PRODUCTS S.R.L.;386.086.532;;Benedetto Maria Forlani;;;;;;;;;;;Davide Sansotta;;
257;"NESTLE' PURINA COMMERCIALE S.R.L. IN FORMA ABBREVIATA ""PUR.IT S.R.L.""";365.196.214;;Marco Settembri (nestle global);;;;;;;;;;;;;
258;CONTINENTAL ITALIA S.P.A. PNEUMATICI PRODOTTI DI GOMMA E PLASTICI;372.347.897;;Alessandro de Martino;;;Paola Vanetti;;;;Federica de Luca;;;;Roberto Gnemmi;;
259;AMPLIFON ITALIA S.P.A.;360.772.704;;Enrico Vita;;;;;;;;;;;;;
260;"PANDORA ITALIA SOCIETA' A RESPONSABILITA' LIMITATA IN BREVE ""PANDORA ITALIA S.R.L.""";366.156.175;;Sara Bergiotti;;;;;;;;;;;;;
261;MARELLI SUSPENSION SYSTEMS ITALY S.P.A.;370.636.021;;David Slump;Juan Molla (CCO: commercial and marketing);Alanna Abrahamson;Sherry Vasa;;;;;Andy Koehler ;Joachim Fetzer (CTO);;;;
262;DYSON S.R.L.;357.022.413;;Jim Rowan;Ben Padley;Martin Pipunic;Alessandro Moretti (HR Italy);;;;;;;;;;
263;AVNET EMG ITALY S.R.L.;359.899.972;;Phil Gallagher;;Ken Jacobson;Ken Arnold (chief people officer);;;Max Chan;Michael McCoy;;;;;;
264;TERMINALE GNL ADRIATICO SOCIETA' A RESPONSABILITA' LIMITATA IN FORMA ABBREVIATA TERMINALE GNL ADRIATICO S.R.L.;352.503.285;;Timothy J. Kelly;;;;;;;;;;;;;
265;RHENUS LOGISTICS S.P.A.;356.799.932;;Tobias Bartz;Francesca Restelli;Alfonso Pacino;Andrea Fumagalli;;;;;;;Raffaele Buonuomo;;;
266;PARKER HANNIFIN ITALY S.R.L.;356.608.576;;;;;Alessandro Cipolli;;;Antonio Tosato;;;;;;;
267;PIAZZA ITALIA S.P.A.;355.716.661;;Arnaldo Bernardo;Rafone Zafari;Fabrizia Esposito;Massimiliano Romano;;;Giuseppe Scognamiglio;;;;;;;
268;SAIF S.P.A.;355.011.380;;Tommaso Zucchi;;Michele Hardonk;;;;Davide Erulo;;;;;;;
269;CAIRORCS MEDIA S.P.A.;353.705.683;;Alessandro Bompieri;Davide Cervellin;;;Iacopo Blanc;;;;;;;Alice Dutto;;
270;EY S.P.A., PER ESTESO ANCHE ERNST & YOUNG S.P.A.;353.427.182;;Massimo Antonelli;Marco storti;Alessandro Frenza;;;;;;;;;Stefano Pozzi;;
271;CEDACRI S.P.A.;376.818.896;;;;Stefano Ettorre;Monica De Francesco;;Stefania Rossi;Giuliano Merlo;;;;;;;
272;FOOT LOCKER ITALY SRL;360.191.112;;;;;Valentina Regini;;;;;;;;;;
273;BOLTON MANITOBA S.P.A.;363.262.076;;Giampiero De Prisco;Orlando Maria Limongiello;Angela Dileo;;;;Massimo Gabba;;;;;;;
274;SABIC ITALIA S.R.L.;344.729.899;;Andrea Gobbetto;;;;;;;;;;;;;
275;AMSA AZIENDA MILANESE SERVIZI AMBIENTALI SPA IN FORMA ABBREVIATA AMSA SPA;347.935.299;;Marcello Milani;;;;;;;;;;;;;
276;RENO DE MEDICI SPA;382.965.445;;Michele Bianchi;;;;;;;;;;;;;
277;AMBER S.R.L.;341.786.744;;;;;;;;;;;;;;;
278;COCA-COLA ITALIA SRL;338.690.366;;Phillipine Mtikitiki;Giulia Mantovano;Nadine Relave;Anna La Gamba;;;;;;;;;;
279;COMDATA S.P.A.;349.042.275;;;Valentina Pensa;Gianandrea Castelli Rivolta;Fabrizio La monica;;;;;;;;;;
280;IM BIOFUEL ITALY S.R.L.;341.927.762;;;;Gabriele Soatto;;;;;;;;;;;
281;SPREAFICO FRANCESCO E F.LLI S.P.A.;338.219.425;;Raffaele Spreafico;Mattia Menni;Giorgio Negri;Lorenzo Biffi;;;;;;;;;;
282;FRATELLI GIACOMEL S.P.A.;351.595.982;;Ernesto Giacomel;Fabio Campanile;;;;;;;;;;;;
283;NOKIA SOLUTIONS AND NETWORKS ITALIA S.P.A. IN FORMA ABBREVIATA NSN ITALIA S.P.A.;454.578.803;;Stefano Grieco;;;Alessandra Colombo;Luigi Travagli;;;;;;;;;
284;KPMG ADVISORY S.P.A.;332.179.654;;;;;;;;;;;;;;;
285;AMILON SRL;329.682.824;;;;;;;;;;;;;;;
286;CHANEL S.R.L.;336.707.200;;;;;;;;;;;;;;;
287;GE MEDICAL SYSTEMS ITALIA S.P.A;326.743.797;;;;;;;;;;;;;;;
288;MATICMIND S.P.A.;326.993.540;;;;;;;;;;;;;;;
289;"AZIENDA REGIONALE PER L'INNOVAZIONE E GLI ACQUISTI S.P.A., IN BREVE ""ARIA S.P.A.""";399.603.810;;;;;;;;;;;;;;;
290;SUN CHEMICAL GROUP S.P.A.;326.831.170;;;;;;;;;;;;;;;
291;JAKALA S.P.A. SOCIETA' BENEFIT;328.746.020;;;;;;;;;;;;;;;
292;ENERGYA S.P.A.;321.132.109;;;;;;;;;;;;;;;
293;OFF-WHITE OPERATING S.R.L;325.418.662;;;;;;;;;;;;;;;
294;LUTECH S.P.A.;335.908.822;;;;;;;;;;;;;;;
295;GIUSEPPE CITTERIO SALUMIFICIO S.P.A. IN BREVE GIUSEPPE CITTERIO S.P.A.;332.585.472;;;;;;;;;;;;;;;
296;PRENATAL RETAIL GROUP S.P.A. OVVERO, IN ABBREVIATO, PNT RETAIL GR OUP S.P.A. O PRG S.P.A.;337.243.526;;;;;;;;;;;;;;;
297;ATOS ITALIA S.P.A.;324.386.146;;;;;;;;;;;;;;;
298;EURONET PAY & TRANSACTION SERVICES S.R.L;316.702.347;;;;;;;;;;;;;;;
299;CERVED GROUP S.P.A.;328.878.101;;;;;;;;;;;;;;;
300;NH ITALIA S.P.A.;334.574.684;;;;;;;;;;;;;;;
301;GAMMA CHIMICA S.P.A.;310.476.017;;;;;;;;;;;;;;;
302;BOSCH REXROTH OIL CONTROL S.P.A.;326.360.971;;;;;;;;;;;;;;;
303;AL DAHRA EUROPE S.R.L.;315.113.965;;;;;;;;;;;;;;;
304;BAYWA R.E. ENERGY TRADING S.R.L.;307.929.918;;;;;;;;;;;;;;;
305;SODEXO BENEFITS & REWARDS SERVICES ITALIA SRL;308.772.106;;;;;;;;;;;;;;;
306;SMURFIT KAPPA CARTIERA DI VERZUOLO S.R.L.;354.031.203;;;;;;;;;;;;;;;
307;BUSINESS INTEGRATION PARTNERS S.P.A.;310.106.441;;;;;;;;;;;;;;;
308;NESPRESSO ITALIANA S.P.A. - SOCIETA' BENEFIT;305.249.129;;;;;;;;;;;;;;;
309;HILTI ITALIA S.P.A.;316.730.740;;;;;;;;;;;;;;;
310;MILANO SERRAVALLE - MILANO TANGENZIALI S.P.A.;335.547.019;;;;;;;;;;;;;;;
311;OUTOKUMPU S.R.L.;303.613.645;;;;;;;;;;;;;;;
312;EG S.P.A.;306.224.220;;;;;;;;;;;;;;;
313;GOODYEAR TIRES ITALIA - SOCIETA' PER AZIONI;309.112.252;;;;;;;;;;;;;;;
314;JOHN DEERE ITALIANA S.R.L.;312.190.186;;;;;;;;;;;;;;;
315;SAN CARLO GRUPPO ALIMENTARE S.P.A.;299.966.502;;;;;;;;;;;;;;;
316;INTERCOS EUROPE S.P.A.;308.389.933;;;;;;;;;;;;;;;
317;WOOD ITALIANA S.R.L.;309.742.625;;;;;;;;;;;;;;;
318;COENERGIA S.R.L.;296.748.430;;;;;;;;;;;;;;;
319;PHILIPS S.P.A.;314.995.865;;;;;;;;;;;;;;;
320;AIR LIQUIDE ITALIA SERVICE S.R.L.;309.169.760;;;;;;;;;;;;;;;
321;BRICOCENTER ITALIA S.R.L.;308.697.682;;;;;;;;;;;;;;;
322;BSH ELETTRODOMESTICI S.P.A.;306.706.646;;;;;;;;;;;;;;;
323;BOLLORE' LOGISTICS ITALY S.P.A.;287.873.923;;;;;;;;;;;;;;;
324;ITALIAONLINE S.P.A.;293.878.000;;;;;;;;;;;;;;;
325;GOGLIO S.P.A. O IN FORMA ESTESA GOGLIO LUIGI MILANO S.P.A.;307.836.358;;;;;;;;;;;;;;;
326;RENEWABLE DISPATCHING S.R.L.;279.744.592;;;;;;;;;;;;;;;
327;EIGENMANN & VERONELLI S.P.A.;284.944.611;;;;;;;;;;;;;;;
328;TENOVA S.P.A.;281.189.432;;;;;;;;;;;;;;;
329;SIPCAM OXON S.P.A.;298.456.113;;;;;;;;;;;;;;;
330;SNAM S.P.A.;285.689.389;;;;;;;;;;;;;;;
331;RISO SCOTTI S.P.A.;286.596.478;;;;;;;;;;;;;;;
332;"ALIMENTARIA VALDINIEVOLE S.P.A. PIU' BREVEMENTE INDICATA COME: ""ALIVAL S.P.A.""";275.080.000;;;;;;;;;;;;;;;
333;CAUVIN METALS S.R.L.;273.175.452;;;;;;;;;;;;;;;
334;CEVA LOGISTICS ITALIA S.R.L.;289.641.665;;;;;;;;;;;;;;;
335;ARCELORMITTAL AVELLINO E CANOSSA S.P.A.;279.115.250;;;;;;;;;;;;;;;
336;BORMIOLI PHARMA S.P.A.;279.143.000;;;;;;;;;;;;;;;
337;VINAVIL SPA;273.567.127;;;;;;;;;;;;;;;
338;UTILITA' S.P.A.;271.084.253;;;;;;;;;;;;;;;
339;BOSTON SCIENTIFIC SPA;286.233.283;;;;;;;;;;;;;;;
340;DOC GENERICI S.R.L. O IN FORMA ABBREVIATA DOC S.R.L.;274.159.619;;;;;;;;;;;;;;;
341;C.P.C. INOX S.P.A.;271.700.461;;;;;;;;;;;;;;;
342;SEALED AIR S.R.L.;272.229.232;;;;;;;;;;;;;;;
343;"""LINDE MATERIAL HANDLING ITALIA S.P.A.""";266.441.501;;;;;;;;;;;;;;;
344;SCHINDLER - SOCIETA' PER AZIONI;266.186.050;;;;;;;;;;;;;;;
345;MM S.P.A.;298.360.451;;;;;;;;;;;;;;;
346;COMIECO CONSORZIO NAZIONALE PER IL RECUPERO ED IL RICICLO DEGLI I MBALLAGGI A BASE CELLULOSICA;264.431.117;;;;;;;;;;;;;;;
347;CENTRO CALOR S.R.L.;263.010.192;;;;;;;;;;;;;;;
348;PHD S.R.L.;261.755.793;;;;;;;;;;;;;;;
349;IMR-INDUSTRIALESUD S.P.A.;284.011.366;;;;;;;;;;;;;;;
350;AON S.P.A. INSURANCE & REINSURANCE BROKERS O IN FORMA ABBREVIATA AON S.P.A.;264.966.098;;;;;;;;;;;;;;;
351;RAVAGRICOLA S.P.A.;259.857.482;;;;;;;;;;;;;;;
352;SET S.P.A.;258.818.150;;;;;;;;;;;;;;;
353;EXPEDITORS INTERNATIONAL ITALIA S.R.L.;260.500.375;;;;;;;;;;;;;;;
354;CALCESTRUZZI S.P.A.;261.157.109;;;;;;;;;;;;;;;
355;OPELLA HEALTHCARE ITALY SRL O OPELLA HEALTHCARE ITALY SRL SOCIETA' BENEFIT;299.598.921;;;;;;;;;;;;;;;
356;THE BOSTON CONSULTING GROUP S.R.L.;259.526.438;;;;;;;;;;;;;;;
357;BERLIN PACKAGING ITALY S.P.A.;268.363.281;;;;;;;;;;;;;;;
358;SOLETO S.P.A.;254.515.953;;;;;;;;;;;;;;;
359;ABBOTT MEDICAL ITALIA S.R.L.;268.794.809;;;;;;;;;;;;;;;
360;BECTON, DICKINSON ITALIA S.P.A.;254.956.426;;;;;;;;;;;;;;;
361;KPMG S.P.A.;261.392.181;;;;;;;;;;;;;;;
362;ACCENTURE FINANCIAL ADVANCED SOLUTIONS & TECHNOLOGY S.R.L.;256.122.631;;;;;;;;;;;;;;;
363;ITALFARMACO S.P.A.;279.849.407;;;;;;;;;;;;;;;
364;BEIERSDORF S.P.A.;259.668.623;;;;;;;;;;;;;;;
365;ARKEMA S.R.L.;258.438.007;;;;;;;;;;;;;;;
366;VAILLANT GROUP ITALIA S.P.A.;253.222.588;;;;;;;;;;;;;;;
367;ENIPOWER MANTOVA S.P.A.;250.883.494;;;;;;;;;;;;;;;
368;SYNGENTA ITALIA S.P.A.;274.909.332;;;;;;;;;;;;;;;
369;LANXESS S.R.L.;249.920.818;;;;;;;;;;;;;;;
370;CIVE SRL;249.819.019;;;;;;;;;;;;;;;
371;DANONE NUTRICIA SPA SOCIETA' BENEFIT IN FORMA ABBREVIATA D.N. SPA O DANONE N. SPA S. BENEFIT;265.118.762;;;;;;;;;;;;;;;
372;EURONICS ITALIA S.P.A.;385.705.540;;;;;;;;;;;;;;;
373;LEGNANO TEKNOELECTRIC COMPANY SPA;253.583.990;;;;;;;;;;;;;;;
374;THE SWATCH GROUP (ITALIA) S.P.A.;254.464.755;;;;;;;;;;;;;;;
375;PIETRO CORICELLI - S.P.A.;248.878.524;;;;;;;;;;;;;;;
376;DISCOVERY ITALIA S.R.L.;246.304.761;;;;;;;;;;;;;;;
377;"PRIME GREEN SOLUTIONS BENEFIT S.P.A. O IN FORMA ABBREVIATA ""PRIME GREEN SOLUTIONS S.P.A. SB""";244.221.791;;;;;;;;;;;;;;;
378;VAILOG S.R.L.;307.691.914;;;;;;;;;;;;;;;
379;GETOIL S.R.L.;242.199.646;;;;;;;;;;;;;;;
380;LATTONEDIL S.P.A. MILANO;242.415.243;;;;;;;;;;;;;;;
381;ENEGREEN S.P.A.;240.746.996;;;;;;;;;;;;;;;
382;FILMCUTTER ADVANCED MATERIAL S.R.L.;244.064.129;;;;;;;;;;;;;;;
383;SALMOIRAGHI & VIGANO' S.P.A. E - IN FORMA ABBREVIATA - S&V S.P.A.;239.560.884;;;;;;;;;;;;;;;
384;MITSUI E&P ITALIA B S.R.L.;235.992.258;;;;;;;;;;;;;;;
385;SOLVAY SOLUTIONS ITALIA S.P.A.;249.839.820;;;;;;;;;;;;;;;
386;GXO LOGISTICS ITALY S.P.A.;261.016.342;;;;;;;;;;;;;;;
387;EZI S.P.A.;252.389.066;;;;;;;;;;;;;;;
388;CHRISTIAN DIOR ITALIA S.R.L.;241.260.388;;;;;;;;;;;;;;;
389;RENATO CORTI S.P.A.;237.687.069;;;;;;;;;;;;;;;
390;B&B ITALIA S.P.A.;236.188.916;;;;;;;;;;;;;;;
391;IMCD ITALIA S.P.A.;232.354.360;;;;;;;;;;;;;;;
392;ALCON ITALIA S.P.A.;235.284.813;;;;;;;;;;;;;;;
393;S.C. JOHNSON ITALY S.R.L.;244.030.393;;;;;;;;;;;;;;;
394;KOLMAR ITALIA S.R.L.;230.141.174;;;;;;;;;;;;;;;
395;DE WAVE S.R.L.;230.700.449;;;;;;;;;;;;;;;
396;SENNDER ITALIA S.R.L.;229.395.364;;;;;;;;;;;;;;;
397;AZELIS ITALIA S.R.L.;229.148.985;;;;;;;;;;;;;;;
398;GOLEM.COM S.R.L.;227.942.084;;;;;;;;;;;;;;;
399;COLUSSI S.P.A.;239.759.173;;;;;;;;;;;;;;;
400;MANUCOR S.P.A.;236.142.541;;Luigi Scagliotti;;Letizia Di Maio;Palma Abate;;;;;;;;;;
401;ALTEN ITALIA S.P.A.;229.459.129;;Simon Azoulay;;Marta Casals;Renzo Calciano;;;;;;;;;;
402;KONE S.P.A.;233.658.901;;Giovanni Lorino;;Borghi Paolo;;Stefano Montis;;;;;;;;;
403;SORIN GROUP ITALIA SRL;228.548.555;;Andr�-Michel Ballester;;;;;;;;;;;;;
404;WOLTERS KLUWER ITALIA S.R.L.;223.201.815;;Giulietta Lemmi;;Stefano Marchetti;Giuseppe Peduto;;Eros Bellemo;;;;;;;;
405;PRENATAL S.P.A.;242.307.244;;Alberto rivolta;;;Maurizio Santini;Emanuela Perrucci;;;;;;;;;
406;ROTOLITO S.P.A.;228.843.649;;Paolo Bandecchi;;Stefano Milani;;Emanuele Bandecchi;;;;;;;;;
407;VENTANA SERRA S.P.A.;223.195.040;;Paolo Casadonte;Massimo Paolotti;;Alessandro Onori;;;;;;;;;;
408;SPIN SPA;227.152.516;;;;;;;;;;;;;;;
409;CCS JV S.C.A R.L. O, IN FORMA ABBREVIATA CCS S.C.A R.L.;219.599.991;;;;;;;;;;;;;;;
410;MULTIMEDICA S.P.A.;226.748.025;;Daniele Schwar;;;Diletta Caselle;Luca Blandizio;;;;;;;;;
411;HERMES ITALIE S.P.A.;225.040.478;;Francesca di Carrobio;Paolo Carrozza;;Alessandra Borromini;Massimo Reale;;;;;;;;;
412;EPIPOLI SPA;225.129.360;;Gaetano Giannetto;;Massimo Giraldo;;Arianna Assi;Lalla Guadagnino;;;;;;;;
413;CANON ITALIA S.P.A.;227.185.813;;Andrea Di Santo;Davide Balladore;;Arianna Ferrini;;;;;;;;;;
414;EMMI DESSERT ITALIA S.P.A.;222.913.536;;Flavio Pok;;;Marcella Cerchioni;Elena Visentin;;;;;;;;;
415;ISTITUTO EUROPEO DI ONCOLOGIA SRL;264.481.892;;Mauro Melis;Barbara Cossetto;;Laura Anna;;;;;;;;;;
416;DMG MORI ITALIA S.R.L. IN BREVE DMI S.R.L.;217.955.769;;;;;;;;;;;;;;;
417;SANDVIK ITALIA S.P.A.;222.184.160;;;;;;;;;;;;;;;
418;OSPEDALE GALEAZZI S.P.A.;227.257.511;;;;;;;;;;;;;;;
419;MARCEGAGLIA BUILDTECH S.R.L.;228.149.974;;;;;;;;;;;;;;;
420;GOOGLE CLOUD ITALY SRL;212.967.490;;;;;;;;;;;;;;;
421;SOLAREDGE TECHNOLOGIES ITALY S.R.L.;215.859.539;;;;;;;;;;;;;;;
422;POMELLATO S.P.A.;227.753.823;;;;;;;;;;;;;;;
423;"""PERNOD RICARD ITALIA S.P.A."" O, PIU' BREVEMENTE, ""PRI S.P.A."" NONCHE' ""PR ITALIA S.P.A.""";222.221.937;;;;;;;;;;;;;;;
424;ALFA LAVAL ITALY S.R.L.;213.628.676;;;;;;;;;;;;;;;
425;AB MEDICA S.P.A.;213.905.714;;;;;;;;;;;;;;;
426;CAL S.R.L.;214.076.008;;;;;;;;;;;;;;;
427;BRANDART S.P.A.;211.007.929;;;;;;;;;;;;;;;
428;MONDADORI LIBRI S.P.A.;210.215.807;;;;;;;;;;;;;;;
429;"""BEKO ITALY S.R.L.""";238.559.866;;;;;;;;;;;;;;;
430;HUMANGEST S.P.A.;214.286.835;;;;;;;;;;;;;;;
431;LVMH PROFUMI E COSMETICI ITALIA S.R.L.;261.991.623;;;;;;;;;;;;;;;
432;NEOPHARMED GENTILI S.P.A.;217.676.736;;;;;;;;;;;;;;;
433;DP DENT S.R.L.;216.906.958;;;;;;;;;;;;;;;
434;MULTILOGISTICS S.P.A.;205.590.990;;;;;;;;;;;;;;;
435;EDENRED UTA MOBILITY SRL;213.635.817;;;;;;;;;;;;;;;
436;BORSA ITALIANA S.P.A.;205.818.409;;;;;;;;;;;;;;;
437;RECKITT BENCKISER HEALTHCARE (ITALIA) S.P.A.;206.720.994;;;;;;;;;;;;;;;
438;ESTEE LAUDER S.R.L.;209.311.471;;;;;;;;;;;;;;;
439;AVANADE ITALY S.R.L.;202.924.582;;;;;;;;;;;;;;;
440;EVOLVERE S.P.A. SOCIETA' BENEFIT;215.841.574;;;;;;;;;;;;;;;
441;MERCITALIA INTERMODAL S.P.A.;212.575.485;;;;;;;;;;;;;;;
442;BRICO IO S.P.A.;224.548.408;;;;;;;;;;;;;;;
443;MILANOFIORI SVILUPPO S.R.L.;87.167.247;;;;;;;;;;;;;;;
444;AMIACQUE SRL;211.283.353;;;;;;;;;;;;;;;
445;PRELIOS CREDIT SOLUTIONS S.P.A.;197.930.730;;;;;;;;;;;;;;;
446;AVIENT COLORANTS ITALY S.R.L.;201.623.005;;;;;;;;;;;;;;;
447;RHENUS AIR & OCEAN SRL;196.116.413;;;;;;;;;;;;;;;
448;SESTO AUTOVEICOLI S.P.A.;195.958.832;;;;;;;;;;;;;;;
449;GENCOS110 S.P.A.;194.565.571;;;;;;;;;;;;;;;
450;AXA ITALIA SERVIZI S.C.P.A.;199.098.381;;;;;;;;;;;;;;;
451;IL SOLE 24 ORE S.P.A.;204.802.934;;;;;;;;;;;;;;;
452;POLYEDRA S.P.A.;196.229.603;;;;;;;;;;;;;;;
453;HELM ITALIA SRL;195.089.716;;;;;;;;;;;;;;;
454;FESTO S.P.A.;197.772.774;;;;;;;;;;;;;;;
455;HISENSE ITALIA SRL;194.396.834;;;;;;;;;;;;;;;
456;MAISONS DU MONDE ITALIE S.R.L.;199.397.794;;;;;;;;;;;;;;;
457;WIND TRE ITALIA S.P.A.;194.866.000;;;;;;;;;;;;;;;
458;EDISON NEXT GOVERNMENT S.R.L.;201.813.683;;;;;;;;;;;;;;;
459;EMERSON PROCESS MANAGEMENT S.R.L.;201.457.687;;;;;;;;;;;;;;;
460;EVOLVE S.P.A.;190.780.969;;;;;;;;;;;;;;;
461;EBV ELEKTRONIK S.R.L.;189.824.582;;;;;;;;;;;;;;;
462;GEODIS FF ITALIA S.P.A.;190.489.147;;;;;;;;;;;;;;;
463;MONDADORI RETAIL S.P.A.;189.965.173;;;;;;;;;;;;;;;
464;VOLVO GROUP RETAIL ITALIA S.R.L.;190.648.218;;;;;;;;;;;;;;;
465;A2A AIRPORT ENERGY S.P.A.;191.123.208;;;;;;;;;;;;;;;
466;MERBAG S.P.A.;193.890.007;;;;;;;;;;;;;;;
467;THE WALT DISNEY COMPANY ITALIA S.R.L.;244.610.827;;;;;;;;;;;;;;;
468;BRIVIO & VIGANO' LOGISTICS S.R.L.;190.990.365;;;;;;;;;;;;;;;
469;WANHUA BORSODCHEM ITALIA SRL;186.803.679;;;;;;;;;;;;;;;
470;RECKITT BENCKISER ITALIA SPA;192.200.131;;;;;;;;;;;;;;;
471;GRUPPO GIMOKA S.P.A.;192.557.496;;;;;;;;;;;;;;;
472;S.I.M.B.A.-S.P.A. COL SOTTOTITOLO SOCIETA' ITALIANA IMPORTAZIONE BANANE E COMMERCIO PRODOTTI OLTREMARE;186.212.188;;;;;;;;;;;;;;;
473;ENISERVIZI S.P.A.;186.914.179;;;;;;;;;;;;;;;
474;ETRO S.P.A.;184.464.059;;;;;;;;;;;;;;;
475;ORTOFIN SRL;196.974.166;;;;;;;;;;;;;;;
476;BECKMAN COULTER S.R.L.;184.941.481;;;;;;;;;;;;;;;
477;COTY ITALIA S.R.L.;191.244.474;;;;;;;;;;;;;;;
478;GRUPPO CIMBALI S.P.A.;196.284.286;;;;;;;;;;;;;;;
479;GENERTEC ITALIA S.R.L.;183.016.644;;;;;;;;;;;;;;;
480;AGILENT TECHNOLOGIES ITALIA S.P.A.;185.357.182;;;;;;;;;;;;;;;
481;SIBELCO ITALIA - SOCIETA' PER AZIONI;189.384.381;;;;;;;;;;;;;;;
482;EURO-TRADE SPA;182.109.438;;;;;;;;;;;;;;;
483;E.ON BUSINESS SOLUTIONS S.R.L.;194.046.163;;;;;;;;;;;;;;;
484;THE LEVEL GROUP S.R.L.;382.376.565;;;;;;;;;;;;;;;
485;KOFLER SRL;186.960.736;;;;;;;;;;;;;;;
486;KION RENTAL SERVICES S.P.A.;192.042.058;;;;;;;;;;;;;;;
487;COMPAGNIA ITALIANA FORME ACCIAIO S.P.A. NELLA FORMA ESTESA E CIFA S.P.A. NELLA FORMA ABBREVIATA;191.694.570;;;;;;;;;;;;;;;
488;IVM CHEMICALS S.R.L.;184.890.795;;;;;;;;;;;;;;;
489;ARGOS S.P.A.;183.386.555;;;;;;;;;;;;;;;
490;SYNERGY S.R.L.;178.942.089;;;;;;;;;;;;;;;
491;GROUPE SEB ITALIA S.P.A.;185.510.797;;;;;;;;;;;;;;;
492;CONFORAMA ITALIA S.P.A.;196.862.688;;;;;;;;;;;;;;;
493;LIBRERIE FELTRINELLI S.R.L.;197.334.482;;;;;;;;;;;;;;;
494;ARDEMAGNI S.P.A.;186.371.063;;;;;;;;;;;;;;;
495;ELACHEM S.P.A.;180.025.894;;;;;;;;;;;;;;;
496;INTERZERO ITALY S.R.L.;177.723.401;;;;;;;;;;;;;;;
497;CHEMI - S.P.A.;191.409.887;;;;;;;;;;;;;;;
498;SICAM SOCIETA' ITALIANA COMMERCIO ACCIAI E METALLI S.P.A.;179.033.481;;;;;;;;;;;;;;;
499;POLICLINICO SAN DONATO S.P.A.;184.563.462;;;;;;;;;;;;;;;
500;HANKOOK TIRE ITALIA S.R.L.;174.986.953;;;;;;;;;;;;;;;
501;IRIDEOS S.P.A.;174.477.840;;;;;;;;;;;;;;;
502;SAGAM S.P.A.;174.277.242;;;;;;;;;;;;;;;
503;SIEMENS ENERGY S.R.L.;174.203.755;;;;;;;;;;;;;;;
504;FREUD S.P.A.;173.908.975;;;;;;;;;;;;;;;
505;EASTMAN ITALIA S.R.L.;173.845.460;;;;;;;;;;;;;;;
506;AMAZON DATA SERVICES ITALY S.R.L.;173.224.732;;;;;;;;;;;;;;;
507;FOMAS S.P.A.;172.803.776;;;;;;;;;;;;;;;
508;LATTERIA NOEM SRL;172.555.525;;;;;;;;;;;;;;;
509;FIERA MILANO S.P.A.;172.488.115;;;;;;;;;;;;;;;
510;"""COVISIAN SOCIETA' PER AZIONI"" O, IN FORMA ABBREVIATA ""COVISIAN S.P.A.""";172.454.409;;;;;;;;;;;;;;;
511;SOCIETA' ITALIANA ACCIAI TUBI SIAT SOCIETA' PER AZIONI CON SIGLA SIAT SPA;172.044.926;;;;;;;;;;;;;;;
512;THYSSENKRUPP ELECTRICAL STEEL ITALIA S.R.L.;171.720.264;;;;;;;;;;;;;;;
513;TAMINI TRASFORMATORI S.R.L.;171.125.252;;;;;;;;;;;;;;;
514;BOXLINE UNITED CARGO LINK S.R.L.;170.966.850;;;;;;;;;;;;;;;
515;OFFICINE VICA S.P.A.;170.810.043;;;;;;;;;;;;;;;
516;MELCHIONI S.P.A.;170.680.840;;;;;;;;;;;;;;;
517;VOLVO CONSTRUCTION EQUIPMENT ITALIA S.P.A.;170.668.139;;;;;;;;;;;;;;;
518;PENTA PETROLI SRL;170.562.553;;;;;;;;;;;;;;;
519;LEGO S.P.A.;170.190.509;;;;;;;;;;;;;;;
520;INSIGHT TECHNOLOGY SOLUTIONS S.R.L.;169.421.401;;;;;;;;;;;;;;;